{
  "url": "https://test.customerhub.global.bt.com/api/v1/globalfabric/cloudfabric-locations/sites",
  "data-raw": {
    "countryISOCode": "AU",
    "filterOptions": {
      "isIPVPNServiceAvailable": true,
      "isInternetServiceAvailable": true,
      "isElineServiceAvailable": true,
      "siteType": "",
      "radius": 0,
      "facilityProvider": "",
      "siteId": ""
    }
  },
  "response": [
    {
      "siteId": "AUMELA004",
      "siteType": {
        "btPop": true,
        "dataCentre": false
      },
      "facilityProvider": "Equinix",
      "facilityName": "Equinix ME1 Data Centre",
      "metroName": "Berlin",
      "metroCode": "BE",
      "facilityAddress": {
        "siteAddressLine1": "578",
        "siteAddressLine2": "LORIMER STREET",
        "city": "MELBOURNE",
        "countyOrState": "VICTORIA",
        "postcode": "3207",
        "country": "Australia",
        "latitude": -37.8230112,
        "longitude": 144.9153835
      },
      "products": {
        "customerPorts": {
          "portOnly": [1000, 10000, 25000, 100000],
          "dataCentreConnection": null
        },
        "networkServices": {
          "ipVPN": true,
          "internet": true,
          "eLine": true,
          "ipRegionCode": "AU-01"
        }
      }
    }
  ]
}
