{
  "url": "https://test.customerhub.global.bt.com/api/v1/globalfabric/cloudfabric-locations/customer-sites",
  "data-raw": {},
  "response": [
    {
      "siteId": "63541",
      "siteName": "FASFASF",
      "siteDescription": null,
      "siteType": "",
      "address": {
        "accuracyLevel": "-1",
        "premiseName": "FASFASF",
        "streetNumber": "90",
        "streetName": null,
        "cityOrTown": "Chennai",
        "locality": null,
        "countyOrState": " ",
        "countryISOCode": "IN",
        "postOrZipCode": "EC4V 4AT"
      },
      "geoCode": {
        "latitude": 20.593683,
        "longitude": 78.962883
      },
      "subLocations": [
        {
          "subLocationId": "58621",
          "name": ".",
          "buildingName": "",
          "subAddressType": "ROOM",
          "level": "",
          "unit": "",
          "privateStreetNumber": "",
          "privateStreetName": ""
        }
      ]
    },
    {
      "siteId": "131886",
      "siteName": "AUDIT12",
      "siteDescription": null,
      "siteType": "",
      "address": {
        "accuracyLevel": "-1",
        "premiseName": null,
        "streetNumber": "3",
        "streetName": "POONA",
        "cityOrTown": "London",
        "locality": null,
        "countyOrState": "JGTVU",
        "countryISOCode": "GB",
        "postOrZipCode": "1234"
      },
      "geoCode": {
        "latitude": 51.507351,
        "longitude": -0.127758
      },
      "subLocations": []
    },
    {
      "siteId": "131896",
      "siteName": "FSDFDD",
      "siteDescription": null,
      "siteType": "",
      "address": {
        "accuracyLevel": "-1",
        "premiseName": null,
        "streetNumber": "3",
        "streetName": "POONA",
        "cityOrTown": "YCVHQTF",
        "locality": null,
        "countyOrState": "JGTVU",
        "countryISOCode": "GB",
        "postOrZipCode": "1234"
      },
      "geoCode": {
        "latitude": 55.378052,
        "longitude": -3.435973
      },
      "subLocations": []
    },
    {
      "siteId": "134328",
      "siteName": "LES10",
      "siteDescription": null,
      "siteType": "",
      "address": {
        "accuracyLevel": "-1",
        "premiseName": null,
        "streetNumber": "3",
        "streetName": "POONA",
        "cityOrTown": "YCVHQTF",
        "locality": null,
        "countyOrState": "JGTVU",
        "countryISOCode": "GB",
        "postOrZipCode": "1234"
      },
      "geoCode": {
        "latitude": 55.378052,
        "longitude": -3.435971
      },
      "subLocations": []
    }
  ]
}
