{
  "url": "https://test.customerhub.global.bt.com/api/v1/globalfabric/monitors/network-allocation-reports?limit=5&offset=0",
  "data-raw": {},
  "response": {
    "resourceType": "customerPorts",
    "topN": {
      "resultLimit": 5,
      "telemetryData": "allocatedBandwidth",
      "unit": "percent",
      "sortOrder": "descending"
    },
    "result": [
      {
        "resourceId": "2c3a9f32-bbe7-4857-b4b8-cba940b7459c",
        "resourceName": "Data Centre Connection W",
        "rank": 1,
        "value": 100,
        "breakdown": [
          {
            "resourceId": "f95488fd-e21f-410a-a967-4177653269ca",
            "resourceName": "Primary Internet DC W",
            "resourceType": "internetConnection",
            "value": 100
          }
        ]
      },
      {
        "resourceId": "68b95d61-ed86-4421-a8b4-54e9b718bd62",
        "resourceName": "Data Centre Connection M",
        "rank": 2,
        "value": 95,
        "breakdown": [
          {
            "resourceId": "8e43c59f-5325-4681-b0f7-6e81869e40c8",
            "resourceName": "Prod VPN DC M",
            "resourceType": "ipVPNConnection",
            "value": 30
          },
          {
            "resourceId": "4b6e78d1-148c-4490-acab-75cd1dc39141",
            "resourceName": "Primary Internet DC M",
            "resourceType": "internetConnection",
            "value": 30
          },
          {
            "resourceId": "4f065162-a22e-43ad-b03d-da1da84abc1d",
            "resourceName": "Test VPN DC M",
            "resourceType": "ipVPNConnection",
            "value": 35
          }
        ]
      },
      {
        "resourceId": "dc9d2a73-4fb3-49e5-886c-e7d8e60d7256",
        "resourceName": "Data Centre Connection E",
        "rank": 3,
        "value": 85,
        "breakdown": [
          {
            "resourceId": "3021f84f-47c6-4f1f-8b55-9a93c98da334",
            "resourceName": "Prod VPN DC E",
            "resourceType": "ipVPNConnection",
            "value": 55
          },
          {
            "resourceId": "b4cf4f96-3dba-401f-aeec-f6dc50050c09",
            "resourceName": "DEV VPN DC E",
            "resourceType": "ipVPNConnection",
            "value": 30
          }
        ]
      },
      {
        "resourceId": "4a679293-e07c-4a88-b3b9-96e6b3333fca",
        "resourceName": "Customer Premise Port A",
        "rank": 4,
        "value": 82,
        "breakdown": [
          {
            "resourceId": "3970a992-016f-4910-b002-d881117496ad",
            "resourceName": "Prod VPN Premise A",
            "resourceType": "ipVPNConnection",
            "value": 55
          },
          {
            "resourceId": "a41550cc-93cd-4d42-b616-166631dd737c",
            "resourceName": "Guest WiFi VPN Premise A",
            "resourceType": "ipVPNConnection",
            "allocationPercent": 27
          }
        ]
      },
      {
        "resourceId": "0260581a-7149-4e89-9f3e-eb5755b98f03",
        "resourceName": "Customer Premise Port D",
        "rank": 5,
        "value": 78,
        "breakdown": [
          {
            "resourceId": "996b94e4-d60e-4e71-a989-90d624200e9e",
            "resourceName": "Prod VPN Premise D",
            "resourceType": "ipVPNConnection",
            "value": 24
          },
          {
            "resourceId": "ad53fe20-c199-4958-9e7c-5732fd216a36",
            "resourceName": "Internet Premise D",
            "resourceType": "internetConnection",
            "value": 54
          }
        ]
      }
    ]
  }
}
