{
  "url": "https://test.customerhub.global.bt.com/api/v1/globalfabric/cloudfabric-customer-ports/connectivity-options",
  "data-raw": {},
  "response": [
    {
      "accessDiversity": "AD1",
      "connectivitySolutionId": "1481289-DEFRAA015-23610-111110:1481289-DEFRAA015-23610-111110",
      "primaryConnectivity": {
        "btPopSiteId": "DEFRAA015",
        "connectivityModel": "Dedicated",
        "connectivityProductName": "Equinix DC - cross connect",
        "serviceDemarcation": "customerRackPatchPanel",
        "connectivitySLAs": {
          "availability": 99.99,
          "serviceDeskHours": "00:00-24:00 Mon-Sun excl holidays included",
          "p1FixHours": "4 Hours",
          "p2FixHours": "24 Hours",
          "p3FixHours": "48 Hours"
        },
        "circuits": [
          {
            "connectivityProductId": "1481289-DEFRAA015-23610-111110",
            "circuitTechnology": "Ethernet",
            "circuitProtection": "Protected",
            "circuitSpeed": 10000,
            "supportedPortSpeed": ["10000"],
            "interfacePresentation": [
              {
                "mediaType": "Fibre",
                "interfaceStandard": "1000Base-EX",
                "interfaceConnector": "LC (SFP)"
              },
              {
                "mediaType": "multiModeFiber",
                "interfaceStandard": "1000BASE-SX",
                "interfaceConnector": "LC"
              },
              {
                "mediaType": "copper",
                "interfaceStandard": "1000BASE-T",
                "interfaceConnector": "RJ-45"
              }
            ],
            "mediaType": "Fibre",
            "interfaceStandard": "10GBase-ER",
            "interfaceConnector": "LC (SFP)",
            "interfaceFraming": "None (clear)",
            "mtu": 9100,
            "l2cpSupport": "transparent",
            "lagPortSupport": true,
            "contention": "1:1",
            "minTermMonths": [12, 24, 36, 48, 60],
            "indicativeLeadTime": 3,
            "indicativePrice": {
              "oneTimePrice": 116.21,
              "recurringMonthlyPrice": 25.48,
              "currencyFormat": "GBP",
              "priceStatus": "Firm"
            }
          }
        ]
      },
      "secondaryConnectivity": {
        "btPopSiteId": "DEFRAA015",
        "connectivityModel": "Dedicated",
        "connectivityProductName": "Equinix DC - cross connect",
        "serviceDemarcation": "customerRackPatchPanel",
        "connectivitySLAs": {
          "availability": 99.99,
          "serviceDeskHours": "00:00-24:00 Mon-Sun excl holidays included",
          "p1FixHours": "4 Hours",
          "p2FixHours": "24 Hours",
          "p3FixHours": "48 Hours"
        },
        "circuits": [
          {
            "connectivityProductId": "1481289-DEFRAA015-23610-111110",
            "circuitTechnology": "Ethernet",
            "circuitProtection": "Protected",
            "circuitSpeed": 10000,
            "supportedPortSpeed": ["10000"],
            "interfacePresentation": [
              {
                "mediaType": "Fibre",
                "interfaceStandard": "1000Base-EX",
                "interfaceConnector": "LC (SFP)"
              },
              {
                "mediaType": "multiModeFiber",
                "interfaceStandard": "1000BASE-SX",
                "interfaceConnector": "LC"
              },
              {
                "mediaType": "copper",
                "interfaceStandard": "1000BASE-T",
                "interfaceConnector": "RJ-45"
              }
            ],
            "mediaType": "Fibre",
            "interfaceStandard": "10GBase-ER",
            "interfaceConnector": "LC (SFP)",
            "interfaceFraming": "None (clear)",
            "mtu": 9100,
            "l2cpSupport": "transparent",
            "lagPortSupport": true,
            "contention": "1:1",
            "minTermMonths": [12, 24, 36, 48, 60],
            "indicativeLeadTime": 3,
            "indicativePrice": {
              "oneTimePrice": 116.21,
              "recurringMonthlyPrice": 55.49,
              "currencyFormat": "GBP",
              "priceStatus": "Firm"
            }
          }
        ]
      }
    },
    {
      "accessDiversity": "AD2",
      "connectivitySolutionId": "1481289-DEFRAA015-23610-111111:1481289-DEFRAA015-23610-111111",
      "primaryConnectivity": {
        "btPopSiteId": "DEFRAA015",
        "connectivityModel": "Dedicated",
        "connectivityProductName": "Equinix DC - cross connect",
        "serviceDemarcation": "customerRackPatchPanel",
        "connectivitySLAs": {
          "availability": 99.99,
          "serviceDeskHours": "00:00-24:00 Mon-Sun excl holidays included",
          "p1FixHours": "4 Hours",
          "p2FixHours": "24 Hours",
          "p3FixHours": "48 Hours"
        },
        "circuits": [
          {
            "connectivityProductId": "1481289-DEFRAA015-23610-111111",
            "circuitTechnology": "Ethernet",
            "circuitProtection": "Protected",
            "circuitSpeed": 10000,
            "supportedPortSpeed": ["10000"],
            "interfacePresentation": [
              {
                "mediaType": "Fibre",
                "interfaceStandard": "1000Base-EX",
                "interfaceConnector": "LC (SFP)"
              },
              {
                "mediaType": "multiModeFiber",
                "interfaceStandard": "1000BASE-SX",
                "interfaceConnector": "LC"
              },
              {
                "mediaType": "copper",
                "interfaceStandard": "1000BASE-T",
                "interfaceConnector": "RJ-45"
              }
            ],
            "mediaType": "Fibre",
            "interfaceStandard": "10GBase-ER",
            "interfaceConnector": "LC (SFP)",
            "interfaceFraming": "None (clear)",
            "mtu": 9100,
            "l2cpSupport": "transparent",
            "lagPortSupport": true,
            "contention": "1:1",
            "minTermMonths": [12, 24, 36, 48, 60],
            "indicativeLeadTime": 8,
            "indicativePrice": {
              "oneTimePrice": 0,
              "recurringMonthlyPrice": 0,
              "currencyFormat": "GBP",
              "priceStatus": "Firm"
            }
          }
        ]
      },
      "secondaryConnectivity": {
        "btPopSiteId": "DEFRAA015",
        "connectivityModel": "Dedicated",
        "connectivityProductName": "Versatel Ethernet P2P",
        "serviceDemarcation": "customerRackPatchPanel",
        "connectivitySLAs": {
          "availability": 99.99,
          "serviceDeskHours": "00:00-24:00 Mon-Sun excl holidays included",
          "p1FixHours": "4 Hours",
          "p2FixHours": "24 Hours",
          "p3FixHours": "48 Hours"
        },
        "circuits": [
          {
            "connectivityProductId": "1481289-DEFRAA015-23610-111111",
            "circuitTechnology": "Ethernet",
            "circuitProtection": "Protected",
            "circuitSpeed": 10000,
            "supportedPortSpeed": ["10000"],
            "interfacePresentation": [
              {
                "mediaType": "Fibre",
                "interfaceStandard": "1000Base-EX",
                "interfaceConnector": "LC (SFP)"
              },
              {
                "mediaType": "multiModeFiber",
                "interfaceStandard": "1000BASE-SX",
                "interfaceConnector": "LC"
              },
              {
                "mediaType": "copper",
                "interfaceStandard": "1000BASE-T",
                "interfaceConnector": "RJ-45"
              }
            ],
            "mediaType": "Fibre",
            "interfaceStandard": "10GBase-ER",
            "interfaceConnector": "LC (XFP)",
            "interfaceFraming": "None (clear)",
            "mtu": 9100,
            "l2cpSupport": "transparent",
            "lagPortSupport": true,
            "contention": "1:1",
            "minTermMonths": [12, 24, 36, 48, 60],
            "indicativeLeadTime": 3,
            "indicativePrice": {
              "oneTimePrice": 116.21,
              "recurringMonthlyPrice": 65.48,
              "currencyFormat": "GBP",
              "priceStatus": "Firm"
            }
          }
        ]
      }
    },
    {
      "accessDiversity": "AD3",
      "connectivitySolutionId": "1481289-DEFRAA015-23610-111112:1481289-DEFRAA015-23610-111112",
      "primaryConnectivity": {
        "btPopSiteId": "DEFRAA015",
        "connectivityModel": "Dedicated",
        "connectivityProductName": "Versatel Ethernet P2P",
        "serviceDemarcation": "customerRackPatchPanel",
        "connectivitySLAs": {
          "availability": 99.99,
          "serviceDeskHours": "00:00-24:00 Mon-Sun excl holidays included",
          "p1FixHours": "4 Hours",
          "p2FixHours": "24 Hours",
          "p3FixHours": "48 Hours"
        },
        "circuits": [
          {
            "connectivityProductId": "1481289-DEFRAA015-23610-111112",
            "circuitTechnology": "Ethernet",
            "circuitProtection": "Protected",
            "circuitSpeed": 10000,
            "supportedPortSpeed": ["10000"],
            "interfacePresentation": [
              {
                "mediaType": "Fibre",
                "interfaceStandard": "1000Base-EX",
                "interfaceConnector": "LC (SFP)"
              },
              {
                "mediaType": "multiModeFiber",
                "interfaceStandard": "1000BASE-SX",
                "interfaceConnector": "LC"
              },
              {
                "mediaType": "copper",
                "interfaceStandard": "1000BASE-T",
                "interfaceConnector": "RJ-45"
              }
            ],
            "mediaType": "Fibre",
            "interfaceStandard": "10GBase-ER",
            "interfaceConnector": "LC (XFP)",
            "interfaceFraming": "None (clear)",
            "mtu": 9100,
            "l2cpSupport": "transparent",
            "lagPortSupport": true,
            "contention": "1:1",
            "minTermMonths": [12, 24, 36, 48, 60],
            "indicativeLeadTime": 22,
            "indicativePrice": {
              "oneTimePrice": 0,
              "recurringMonthlyPrice": 0,
              "currencyFormat": "GBP",
              "priceStatus": "Firm"
            }
          }
        ]
      },
      "secondaryConnectivity": {
        "btPopSiteId": "DEFRAA015",
        "connectivityModel": "Dedicated",
        "connectivityProductName": "Equinix DC - cross connect",
        "serviceDemarcation": "customerRackPatchPanel",
        "connectivitySLAs": {
          "availability": 99.99,
          "serviceDeskHours": "00:00-24:00 Mon-Sun excl holidays included",
          "p1FixHours": "4 Hours",
          "p2FixHours": "24 Hours",
          "p3FixHours": "48 Hours"
        },
        "circuits": [
          {
            "connectivityProductId": "1481289-DEFRAA015-23610-111112",
            "circuitTechnology": "Ethernet",
            "circuitProtection": "Protected",
            "circuitSpeed": 10000,
            "supportedPortSpeed": ["10000"],
            "interfacePresentation": [
              {
                "mediaType": "Fibre",
                "interfaceStandard": "1000Base-EX",
                "interfaceConnector": "LC (SFP)"
              },
              {
                "mediaType": "multiModeFiber",
                "interfaceStandard": "1000BASE-SX",
                "interfaceConnector": "LC"
              },
              {
                "mediaType": "copper",
                "interfaceStandard": "1000BASE-T",
                "interfaceConnector": "RJ-45"
              }
            ],
            "mediaType": "Fibre",
            "interfaceStandard": "10GBase-ER",
            "interfaceConnector": "LC (SFP)",
            "interfaceFraming": "None (clear)",
            "mtu": 9100,
            "l2cpSupport": "transparent",
            "lagPortSupport": true,
            "contention": "1:1",
            "minTermMonths": [12, 24, 36, 48, 60],
            "indicativeLeadTime": 3,
            "indicativePrice": {
              "oneTimePrice": 116.21,
              "recurringMonthlyPrice": 54.38,
              "currencyFormat": "GBP",
              "priceStatus": "Firm"
            }
          }
        ]
      }
    },
    {
      "accessDiversity": "AD4",
      "connectivitySolutionId": "1481289-DEFRAA015-23610-111113:1481289-DEFRAA015-23610-111113",
      "primaryConnectivity": {
        "btPopSiteId": "DEFRAA015",
        "connectivityModel": "Dedicated",
        "connectivityProductName": "Versatel Ethernet P2P",
        "serviceDemarcation": "customerRackPatchPanel",
        "connectivitySLAs": {
          "availability": 99.99,
          "serviceDeskHours": "00:00-24:00 Mon-Sun excl holidays included",
          "p1FixHours": "4 Hours",
          "p2FixHours": "24 Hours",
          "p3FixHours": "48 Hours"
        },
        "circuits": [
          {
            "connectivityProductId": "1481289-DEFRAA015-23610-111113",
            "circuitTechnology": "Ethernet",
            "circuitProtection": "Protected",
            "circuitSpeed": 10000,
            "supportedPortSpeed": ["10000"],
            "interfacePresentation": [
              {
                "mediaType": "Fibre",
                "interfaceStandard": "1000Base-EX",
                "interfaceConnector": "LC (SFP)"
              },
              {
                "mediaType": "multiModeFiber",
                "interfaceStandard": "1000BASE-SX",
                "interfaceConnector": "LC"
              },
              {
                "mediaType": "copper",
                "interfaceStandard": "1000BASE-T",
                "interfaceConnector": "RJ-45"
              }
            ],
            "mediaType": "Fibre",
            "interfaceStandard": "10GBase-ER",
            "interfaceConnector": "LC (XFP)",
            "interfaceFraming": "None (clear)",
            "mtu": 9100,
            "l2cpSupport": "transparent",
            "lagPortSupport": true,
            "contention": "1:1",
            "minTermMonths": [12, 24, 36, 48, 60],
            "indicativeLeadTime": 3,
            "indicativePrice": {
              "oneTimePrice": 116.21,
              "recurringMonthlyPrice": 25.48,
              "currencyFormat": "GBP",
              "priceStatus": "Firm"
            }
          }
        ]
      },
      "secondaryConnectivity": {
        "btPopSiteId": "DEFRAA015",
        "connectivityModel": "Dedicated",
        "connectivityProductName": "Versatel Ethernet P2P",
        "serviceDemarcation": "customerRackPatchPanel",
        "connectivitySLAs": {
          "availability": 99.99,
          "serviceDeskHours": "00:00-24:00 Mon-Sun excl holidays included",
          "p1FixHours": "4 Hours",
          "p2FixHours": "24 Hours",
          "p3FixHours": "48 Hours"
        },
        "circuits": [
          {
            "connectivityProductId": "1481289-DEFRAA015-23610-111113",
            "circuitTechnology": "Ethernet",
            "circuitProtection": "Protected",
            "circuitSpeed": 10000,
            "supportedPortSpeed": ["10000"],
            "interfacePresentation": [
              {
                "mediaType": "Fibre",
                "interfaceStandard": "1000Base-EX",
                "interfaceConnector": "LC (SFP)"
              },
              {
                "mediaType": "multiModeFiber",
                "interfaceStandard": "1000BASE-SX",
                "interfaceConnector": "LC"
              },
              {
                "mediaType": "copper",
                "interfaceStandard": "1000BASE-T",
                "interfaceConnector": "RJ-45"
              }
            ],
            "mediaType": "Fibre",
            "interfaceStandard": "10GBase-ER",
            "interfaceConnector": "LC (XFP)",
            "interfaceFraming": "None (clear)",
            "mtu": 9100,
            "l2cpSupport": "transparent",
            "lagPortSupport": true,
            "contention": "1:1",
            "minTermMonths": [12, 24, 36, 48, 60],
            "indicativeLeadTime": 3,
            "indicativePrice": {
              "oneTimePrice": 116.21,
              "recurringMonthlyPrice": 25.48,
              "currencyFormat": "GBP",
              "priceStatus": "Firm"
            }
          }
        ]
      }
    }
  ]
}
