{
  "url": "https://test.customerhub.global.bt.com/api/v2/globalfabric/cloudfabric-customer-ports/port-only-ports",
  "data-raw": {},
  "response": {
    "portName": "LAG",
    "isDiverse": true,
    "primaryPortMetadata": {
      "portId": "02i3L000008KoVdQAK",
      "serviceId": "Sinprefix-PD-90000-00001",
      "portSpeed": 10000,
      "sfpType": "10GBASE-ER",
      "mtu": 9216,
      "isOversubscription": false,
      "isUtilisationThreshold": true,
      "highUtilisationThreshold": 80,
      "lowUtilisationThreshold": 10,
      "isPredictiveOptimisation": false,
      "encapsulation": "unspecified",
      "portStatus": "On",
      "isEnabled": false,
      "description": "Test LAG enabled port",
      "isTelemetryStreamingEnabled": false,
      "associatedNetworkServices": [
        {
          "connectionId": "InternetOnStandardPortPS",
          "type": "",
          "VLANID": "101",
          "bandwidth": "2000",
          "name": ""
        }
      ],
      "btPopSiteId": "ST1096474",
      "isLAGEnabled": true,
      "primaryLAGMetadata": {
        "lagPortsCount": 3,
        "lagPortSpeed": 30000,
        "lagMemberPorts": [
          {
            "connectionId": "CR8-45RT-PL7-3839",
            "type": "Internet",
            "VLANID": "1500",
            "bandwidth": "6750",
            "name": "Internet - 1"
          },
          {
            "connectionId": "CR8-75RT-PL7-3239",
            "type": "Internet",
            "VLANID": "1500",
            "bandwidth": "4500",
            "name": "Internet - 2"
          },
          {
            "connectionId": "CR8-23RT-PL7-3239",
            "type": "IP VPN",
            "VLANID": "1500",
            "bandwidth": "3500",
            "name": "IP VPN - 1"
          },
          {
            "connectionId": "CR8-H3RT-PL6-3239",
            "type": "IP VPN",
            "VLANID": "1500",
            "bandwidth": "5500",
            "name": "IP VPN - 2"
          },
          {
            "connectionId": "CR8-53RT-PL6-3239",
            "type": "IP VPN",
            "VLANID": "1500",
            "bandwidth": "5500",
            "name": "IP VPN - 2"
          },
          {
            "connectionId": "CR8-43RT-PL6-3239",
            "type": "IP VPN",
            "VLANID": "1500",
            "bandwidth": "5500",
            "name": "IP VPN - 2"
          },
          {
            "connectionId": "XR8-53RT-PL6-3239",
            "type": "IP VPN",
            "VLANID": "1500",
            "bandwidth": "5500",
            "name": "IP VPN - 2"
          },
          {
            "connectionId": "DR8-53RT-PL6-3239",
            "type": "Internet",
            "VLANID": "1500",
            "bandwidth": "5500",
            "name": "IP VPN - 2"
          }
        ]
      }
    },
    "secondaryPortMetadata": {
      "portId": "U2i3L000008KoVdLPS",
      "portSpeed": 25000,
      "sfpType": "25GBASE-LR",
      "mtu": 9216,
      "isOversubscription": true,
      "isUtilisationThreshold": true,
      "highUtilisationThreshold": 2,
      "lowUtilisationThreshold": 99,
      "isPredictiveOptimisation": true,
      "encapsulation": "unspecified",
      "portStatus": "On",
      "isEnabled": false,
      "description": "",
      "isTelemetryStreamingEnabled": true,
      "associatedNetworkServices": [
        {
          "connectionId": "CR8-45RT-PL7-3839",
          "type": "Internet",
          "VLANID": "1500",
          "bandwidth": "6750",
          "name": "Internet - 1 - Secondary"
        },
        {
          "connectionId": "CR8-75RT-PL7-3239",
          "type": "Internet",
          "VLANID": "1500",
          "bandwidth": "4500",
          "name": "Internet - 2 - Secondary"
        }
      ],
      "btPopSiteId": "AUMELA005",
      "isLAGEnabled": true,
      "secondaryLAGMetadata": {
        "lagPortsCount": 2,
        "lagPortSpeed": 50000,
        "lagMemberPorts": [
          {
            "lagPortId": "G4i3L000008KoVdPPS",
            "lagPortStatus": "On"
          },
          {
            "lagPortId": "G4i5L000008KoVdPPS",
            "lagPortStatus": "On"
          }
        ]
      }
    },
    "countryISOCode": "AU",
    "portTerm": 12,
    "createdBy": {
      "dateTime": "2023-11-01T06:42:22.000Z"
    }
  }
}
