{
  "url": "https://test.customerhub.global.bt.com/api/v1/globalfabric/global-support-cases",
  "data-raw": {
    "result": [
      {
        "id": "BTC0163193",
        "category": "IT Issue",
        "priority": "3 - Moderate",
        "state": "Closed",
        "product": "",
        "shortDescription": "Select for Global Network Fabric",
        "opened": "2024-07-10 05:21:10",
        "installed_base_item": "",
        "service_offering": "SO_Sys_Default_5_12_48_72_247",
        "sys_id": "eead4831479382108a2f4579516d4312",
        "sold_product": "Test Data Template",
        "proactive": "false",
        "product_instance_id": "",
        "contact": "",
        "contact_type": "Web",
        "location": "AMSTERDAM HEMPOINTNLAMSB032",
        "customer_impact": "",
        "symptom": "",
        "short_description": "Select for Global Network Fabric"
      },
      {
        "id": "BTC0163065",
        "category": "Service Request",
        "priority": "3 - Moderate",
        "state": "New",
        "product": "",
        "shortDescription": "Regarding_SRC_request for internet",
        "opened": "2024-07-10 01:33:47",
        "installed_base_item": "",
        "service_offering": "",
        "sys_id": "41b9df29475742108a2f4579516d43b9",
        "sold_product": "",
        "proactive": "false",
        "product_instance_id": "",
        "contact": "manual user1",
        "contact_type": "Web",
        "location": "NAME_STANDARD_PORT_27JUL1620",
        "customer_impact": "",
        "symptom": "",
        "short_description": "Regarding_SRC_request for internet"
      },
      {
        "id": "BTC0162569",
        "category": "Service Request",
        "priority": "3 - Moderate",
        "state": "Resolved",
        "product": "",
        "shortDescription": "Regarding_SRC_request for internet",
        "opened": "2024-07-09 10:58:51",
        "installed_base_item": "",
        "service_offering": "",
        "sys_id": "1c71982d9317429416ec34c5fbba10a6",
        "sold_product": "",
        "proactive": "false",
        "product_instance_id": "",
        "contact": "manual user1",
        "contact_type": "Web",
        "location": "NAME_STANDARD_PORT_27JUL1620",
        "customer_impact": "",
        "symptom": "",
        "short_description": "Regarding_SRC_request for internet"
      },
      {
        "id": "BTC0162554",
        "category": "IT Issue",
        "priority": "3 - Moderate",
        "state": "Awaiting Info",
        "product": "",
        "shortDescription": "Select for Global Network Fabric",
        "opened": "2024-07-09 10:43:44",
        "installed_base_item": "",
        "service_offering": "SO_Sys_Default_5_12_48_72_247",
        "sys_id": "4fdd44e5471f4a548a2f4579516d4331",
        "sold_product": "Test Data Template",
        "proactive": "false",
        "product_instance_id": "",
        "contact": "",
        "contact_type": "Web",
        "location": "LONDON, FARADAY",
        "customer_impact": "",
        "symptom": "",
        "short_description": "Select for Global Network Fabric"
      },
      {
        "id": "BTC0162554",
        "category": "IT Issue",
        "priority": "3 - Moderate",
        "state": "Closed",
        "product": "",
        "shortDescription": "Select for Global Network Fabric",
        "opened": "2024-07-09 10:43:44",
        "installed_base_item": "",
        "service_offering": "SO_Sys_Default_5_12_48_72_247",
        "sys_id": "4fdd44e5471f4a548a2f4579516d4331",
        "sold_product": "Test Data Template",
        "proactive": "false",
        "product_instance_id": "",
        "contact": "",
        "contact_type": "Web",
        "location": "LONDON, FARADAY",
        "customer_impact": "",
        "symptom": "",
        "short_description": "Select for Global Network Fabric"
      },
      {
        "id": "BTC0162554",
        "category": "IT Issue",
        "priority": "3 - Moderate",
        "state": "Cancelled",
        "product": "",
        "shortDescription": "Select for Global Network Fabric",
        "opened": "2024-07-09 10:43:44",
        "installed_base_item": "",
        "service_offering": "SO_Sys_Default_5_12_48_72_247",
        "sys_id": "4fdd44e5471f4a548a2f4579516d4331",
        "sold_product": "Test Data Template",
        "proactive": "false",
        "product_instance_id": "",
        "contact": "",
        "contact_type": "Web",
        "location": "LONDON, FARADAY",
        "customer_impact": "",
        "symptom": "",
        "short_description": "Select for Global Network Fabric"
      },
      {
        "id": "BTC0162554",
        "category": "IT Issue",
        "priority": "3 - Moderate",
        "state": "New",
        "product": "",
        "shortDescription": "Select for Global Network Fabric",
        "opened": "2024-07-09 10:43:44",
        "installed_base_item": "",
        "service_offering": "SO_Sys_Default_5_12_48_72_247",
        "sys_id": "4fdd44e5471f4a548a2f4579516d4331",
        "sold_product": "Test Data Template",
        "proactive": "false",
        "product_instance_id": "",
        "contact": "",
        "contact_type": "Web",
        "location": "LONDON, FARADAY",
        "customer_impact": "",
        "symptom": "",
        "short_description": "Select for Global Network Fabric"
      },
      {
        "id": "BTC0162554",
        "category": "IT Issue",
        "priority": "3 - Moderate",
        "state": "Resolved",
        "product": "",
        "shortDescription": "Select for Global Network Fabric",
        "opened": "2024-07-09 10:43:44",
        "installed_base_item": "",
        "service_offering": "SO_Sys_Default_5_12_48_72_247",
        "sys_id": "4fdd44e5471f4a548a2f4579516d4331",
        "sold_product": "Test Data Template",
        "proactive": "false",
        "product_instance_id": "",
        "contact": "",
        "contact_type": "Web",
        "location": "LONDON, FARADAY",
        "customer_impact": "",
        "symptom": "",
        "short_description": "Select for Global Network Fabric"
      }
    ]
  }
}
