{
  "url": "https://test.customerhub.global.bt.com/api/v1/globalfabric/cloudfabric-customer-ports/port-only-orders",
  "data-raw": {},
  "response": {
    "result": {
      "externalId": "0nYH4G3k-KiKv-aBYK-NflD-1Z4oDz6Im5DP",
      "productOrderItem": [
        {
          "id": "0nYH4G3k-KiKv-aBYK-NflD-1Z4oDz6Im5DP",
          "action": "add"
        }
      ],
      "state": "acknowledged",
      "type": "ProductOrder",
      "serviceId": "Sinprefix-YY-90000-00001"
    }
  }
}
