{
  "url": "https://test.customerhub.global.bt.com/api/v1/globalfabric/cloudfabric-billing-accounts",
  "data-raw": {},
  "response": {
    "customerID": "29055",
    "customerName": "CSA-29055",
    "billingAccounts": [
      {
        "id": "0013L00000WLYrAQAX",
        "name": "BAC-0013L00000WLYrAQAX",
        "currency": "USD",
        "default": true
      },
      {
        "id": "0015L00000WLYrAQAY",
        "name": "EAC-0015L00000WLYrAQAY",
        "currency": "GBP",
        "default": false
      },
      {
        "id": "0014L00000WLYrAQAZ",
        "name": "DAC-0014L00000WLYrAQAZ",
        "currency": "LKR",
        "default": false
      }
    ]
  }
}
