{
  "url": "https://test.customerhub.global.bt.com/api/v1/globalfabric/cloudfabric-customer-ports/data-center-ports",
  "data-raw": {},
  "response": {
    "portName": "ACME_LONDON_25G_PORT",
    "isDiverse": true,
    "diversityPattern": "samePop",
    "portTerm": 60,
    "currencyFormat": "GBP",
    "countryISOCode": "GB",
    "primaryPortMetadata": {
      "portId": "02i3L000008KoVdQAK",
      "serviceId": "Sinprefix-PB-90000-00001",
      "portSpeed": 100000,
      "sfpType": "100GBASE-LR4",
      "mtu": 1440,
      "isOversubscription": false,
      "isUtilisationThreshold": true,
      "lowUtilisationThreshold": 10,
      "highUtilisationThreshold": 90,
      "isPredictiveOptimisation": false,
      "encapsulation": "unspecified",
      "portStatus": "On",
      "isEnabled": true,
      "description": "test port description",
      "isTelemetryStreamingEnabled": false,
      "associatedNetworkServices": [
        {
           "connectionId": "CR8-45RT-PL7-3839",
           "type": "Internet",
           "VLANID": "1500",
           "bandwidth": "6750",
           "name": "Internet - 1"
        },
        {
           "connectionId": "CR8-75RT-PL7-3239",
           "type": "Internet",
           "VLANID": "1500",
           "bandwidth": "4500",
           "name": "Internet - 2"
        },
        {
           "connectionId": "CR8-23RT-PL7-3239",
           "type": "IP VPN",
           "VLANID": "1500",
           "bandwidth": "3500",
           "name": "IP VPN - 1"
        },
        {
           "connectionId": "CR8-H3RT-PL6-3239",
           "type": "IP VPN",
           "VLANID": "1500",
           "bandwidth": "5500",
           "name": "IP VPN - 2"
        },
        {
           "connectionId": "CR8-53RT-PL6-3239",
           "type": "IP VPN",
           "VLANID": "1500",
           "bandwidth": "5500",
           "name": "IP VPN - 2"
        },
        {
           "connectionId": "CR8-43RT-PL6-3239",
           "type": "IP VPN",
           "VLANID": "1500",
           "bandwidth": "5500",
           "name": "IP VPN - 2"
        },
        {
           "connectionId": "XR8-53RT-PL6-3239",
           "type": "IP VPN",
           "VLANID": "1500",
           "bandwidth": "5500",
           "name": "IP VPN - 2"
        },
        {
           "connectionId": "DR8-53RT-PL6-3239",
           "type": "Internet",
           "VLANID": "1500",
           "bandwidth": "5500",
           "name": "IP VPN - 2"
        }
     ],
      "dataCentreSiteId": "AUMELA004",
      "userDefinedVLAN": false,
      "customerVLANRange": { "minVLAN": null, "maxVLAN": null },
      "isPrimaryLAG": true,
      "primaryLAGMetadata": {
        "lagPortsCount": 0,
        "lagPortSpeed": 0,
        "lagMemberPorts": [
          {
            "isEnabled": true,
            "memberPortId": "G4i3L000008KoVdPKS",
            "portStatus": "On"
          }
        ]
      }
    },
    "primaryConnectivity": {
      "btPopSiteId": "AUPERA006",
      "circuitProtection": "Not Applicable",
      "circuitSpeed": 1000,
      "circuitTechnology": "Not Applicable",
      "connectivityModel": "SharedorDedicated",
      "connectivityProductId": "",
      "contention": "test",
      "interfaceConnector": "LC-SC",
      "interfaceStandard": "",
      "mediaType": "singleModeFibre",
      "minTermMonths": 12,
      "mtu": 1440,
      "serviceDemarcation": "",
      "supplierProduct": "Ethernet-1G",
      "connectivitySLAs": { "serviceOption": { "serviceDeskHours": "" } },
      "circuits": [
        {
          "associatedPortId": "G4i3L000008KoVdPKS",
          "cabinetId": "CAB1001A",
          "cageOrSuite": "CAGE_001",
          "circuitId": "",
          "mmr": "test",
          "patchPanelId": "PPNL1200",
          "patchPanelPort": 12345
        }
      ],
      "uploadSpeed": 1000,
      "downloadSpeed": 1000
    },
    "secondaryPortMetadata": {
      "portId": "U2i3L000008KoVdLPS",
      "serviceId": "Sinprefix-PB-90000-00002",
      "portSpeed": 100000,
      "sfpType": "100GBASE-LR4",
      "mtu": 1440,
      "isOversubscription": false,
      "isUtilisationThreshold": true,
      "lowUtilisationThreshold": 10,
      "highUtilisationThreshold": 90,
      "isPredictiveOptimisation": false,
      "encapsulation": "unspecified",
      "portStatus": "On",
      "isEnabled": true,
      "description": "test port description",
      "isTelemetryStreamingEnabled": false,
      "associatedNetworkServices": [
        {
           "connectionId": "CR8-45RT-PL7-3839",
           "type": "Internet",
           "VLANID": "1500",
           "bandwidth": "6750",
           "name": "Internet - 1 - Secondary"
        },
        {
           "connectionId": "CR8-75RT-PL7-3239",
           "type": "Internet",
           "VLANID": "1500",
           "bandwidth": "4500",
           "name": "Internet - 2 - Secondary"
        }
     ],
      "dataCentreSiteId": "AUMELA004",
      "userDefinedVLAN": false,
      "customerVLANRange": { "minVLAN": null, "maxVLAN": null },
      "isSecondaryLAG": false,
      "secondaryLAGMetadata": {}
    },
    "secondaryConnectivity": {
      "btPopSiteId": "AUMELA005",
      "circuitProtection": "Not Applicable",
      "circuitSpeed": 1000,
      "circuitTechnology": "Not Applicable",
      "connectivityModel": "SharedorDedicated",
      "connectivityProductId": "",
      "contention": "test",
      "interfaceConnector": "LC-SC",
      "interfaceStandard": "",
      "mediaType": "singleModeFibre",
      "minTermMonths": 12,
      "mtu": 1440,
      "serviceDemarcation": "",
      "supplierProduct": "Ethernet-1G",
      "connectivitySLAs": { "serviceOption": { "serviceDeskHours": "" } },
      "circuits": [
        {
          "associatedPortId": "U2i3L000008KoVdLPS",
          "cabinetId": "CAB1001A",
          "cageOrSuite": "CAGE_001",
          "circuitId": "",
          "mmr": "test",
          "patchPanelId": "PPNL1200",
          "patchPanelPort": 12345
        }
      ],
      "uploadSpeed": 1000,
      "downloadSpeed": 1000
    },
    "createdBy": { "dateTime": "2023-11-01T06:42:22.000Z" }
  }
}
