{
  "url": "/api/v2/globalfabric/cloudfabric-customer-ports/search",
  "data-raw": {},
  "response": {
    "results": [
      {
        "portName": "Test001:Available 1 Mbps-lag",
        "portType": "datacentreConnection",
        "isDiverse": false,
        "diversityPattern": "",
        "primaryPort": {
          "portId": "02i3GA10001ljL8QAI",
          "serviceId": "Sinprefix-PO-90000-00001",
          "portSpeed": 1000,
          "status": "active",
          "siteId": "AUSYDA014",
          "siteName": "SYDNEY MACQUARIE PARK NEXTDC S1 EDEN PARK DRIVE, SYDNEY, AUSTRALIA",
          "siteAddress": {
            "countryISOCode": "AU",
            "countryOrState": "AUSTRALIA"
          },
          "isLAG": true,
          "lagPortsCount": 2,
          "lagPortSpeed": 2000,
          "connectivity": {
            "circuitId": "",
            "circuitSpeed": 0,
            "circuitTechnology": "",
            "supplierProduct": "BTCFNEthernetFranceOnnetDCp2a",
            "btPopSiteId": ""
          },
          "createdDateTime": "2023-11-01T06:42:22.000Z",
          "isEnabled": true
        },
        "secondaryPort": {}
      },
      {
        "portName": "Test001:Available 1 Mbps-lag",
        "portType": "customerPremise",
        "isDiverse": false,
        "diversityPattern": "",
        "primaryPort": {
          "portId": "02i3GA10001ljL8QAZ",
          "serviceId": "Sinprefix-PO-90000-00002",
          "portSpeed": 1000,
          "status": "active",
          "siteId": "AUSYDA014",
          "siteName": "SYDNEY MACQUARIE PARK NEXTDC S1 EDEN PARK DRIVE, SYDNEY, AUSTRALIA",
          "siteAddress": {
            "countryISOCode": "AU",
            "countryOrState": "AUSTRALIA"
          },
          "isLAG": true,
          "lagPortsCount": 2,
          "lagPortSpeed": 2000,
          "connectivity": {
            "circuitId": "",
            "circuitSpeed": 0,
            "circuitTechnology": "",
            "supplierProduct": "BTCFNEthernetFranceOnnetDCp2a",
            "btPopSiteId": ""
          },
          "createdDateTime": "2023-11-01T06:42:22.000Z",
          "isEnabled": true
        },
        "secondaryPort": {}
      },
      {
        "portName": "PortA_StabTest00_13_03_24",
        "portType": "portOnly",
        "isDiverse": false,
        "diversityPattern": "",
        "primaryPort": {
          "portId": "02i3L00000At32DQAR",
          "serviceId": "Sinprefix-PO-90000-00003",
          "portSpeed": 10000,
          "status": "active",
          "siteId": "1489212",
          "siteName": "SILICON09_890",
          "siteAddress": {
            "countryISOCode": "GB",
            "countryOrState": "United Kingdom"
          },
          "isLAG": true,
          "lagPortsCount": 1,
          "lagPortSpeed": 0,
          "connectivity": {
            "btPopSiteId": "GBLONA039"
          },
          "createdDateTime": "2024-03-13T13:07:12.000Z",
          "isEnabled": true
        },
        "secondaryPort": {}
      },
      {
        "portName": "PortA_StabTest00_13_03_24",
        "portType": "portOnly",
        "isDiverse": false,
        "diversityPattern": "",
        "primaryPort": {
          "portId": "02i3L00000At319QAB",
          "serviceId": "Sinprefix-PO-90000-00004",
          "portSpeed": 1000,
          "status": "active",
          "siteId": "1495252",
          "siteName": "NEXTDC P1",
          "siteAddress": {
            "countryISOCode": "AU",
            "countryOrState": "Australia"
          },
          "isLAG": true,
          "lagPortsCount": 1,
          "lagPortSpeed": 0,
          "connectivity": {
            "btPopSiteId": "AUPERA004"
          },
          "createdDateTime": "2024-03-13T12:43:31.000Z",
          "isEnabled": false
        },
        "secondaryPort": {}
      },
      {
        "portName": "Port A mar12 1140",
        "portType": "portOnly",
        "isDiverse": false,
        "diversityPattern": "",
        "primaryPort": {
          "portId": "02i3L00000At2T5QAJ",
          "serviceId": "Sinprefix-PO-90000-00005",
          "portSpeed": 10000,
          "status": "active",
          "siteId": "1486819",
          "siteName": "NAME_STANDARD_PORT_27JUL1620",
          "siteAddress": {
            "countryISOCode": "GB",
            "countryOrState": "United Kingdom"
          },
          "isLAG": false,
          "lagPortsCount": 0,
          "lagPortSpeed": 0,
          "connectivity": {
            "btPopSiteId": "GBLONA009"
          },
          "createdDateTime": "2024-03-13T06:17:42.000Z",
          "isEnabled": false
        },
        "secondaryPort": {}
      },
      {
        "portName": "retest UI mar12 1815",
        "portType": "portOnly",
        "isDiverse": false,
        "diversityPattern": "",
        "primaryPort": {
          "portId": "02i3L00000At2FaQAJ",
          "serviceId": "Sinprefix-PO-90000-00006",
          "portSpeed": 10000,
          "status": "active",
          "siteId": "1486819",
          "siteName": "NAME_STANDARD_PORT_27JUL1620",
          "siteAddress": {
            "countryISOCode": "GB",
            "countryOrState": "United Kingdom"
          },
          "isLAG": false,
          "lagPortsCount": 0,
          "lagPortSpeed": 0,
          "connectivity": {
            "btPopSiteId": "GBLONA009"
          },
          "createdDateTime": "2024-03-12T13:19:09.000Z",
          "isEnabled": false
        },
        "secondaryPort": {}
      },
      {
        "portName": "PortA_StabTest00_12_03_24",
        "portType": "portOnly",
        "isDiverse": false,
        "diversityPattern": "",
        "primaryPort": {
          "portId": "02i3L00000At2D2QAJ",
          "serviceId": "Sinprefix-PO-90000-00007",
          "portSpeed": 10000,
          "status": "active",
          "siteId": "1489212",
          "siteName": "SILICON09_890",
          "siteAddress": {
            "countryISOCode": "GB",
            "countryOrState": "United Kingdom"
          },
          "isLAG": true,
          "lagPortsCount": 2,
          "lagPortSpeed": 0,
          "connectivity": {
            "btPopSiteId": "GBLONA039"
          },
          "createdDateTime": "2024-03-12T10:53:12.000Z",
          "isEnabled": false
        },
        "secondaryPort": {}
      },
      {
        "portName": "PortA_StabTest00_12_03_24",
        "portType": "portOnly",
        "isDiverse": false,
        "diversityPattern": "",
        "primaryPort": {
          "portId": "02i3L00000At2DAQAZ",
          "serviceId": "Sinprefix-PO-90000-00008",
          "portSpeed": 1000,
          "status": "active",
          "siteId": "1489212",
          "siteName": "SILICON09_890",
          "siteAddress": {
            "countryISOCode": "GB",
            "countryOrState": "United Kingdom"
          },
          "isLAG": true,
          "lagPortsCount": 1,
          "lagPortSpeed": 0,
          "connectivity": {
            "btPopSiteId": "GBLONA039"
          },
          "createdDateTime": "2024-03-12T10:53:12.000Z",
          "isEnabled": false
        },
        "secondaryPort": {}
      },
      {
        "portName": "PortA_StabTest00_12_03_24",
        "portType": "portOnly",
        "isDiverse": false,
        "diversityPattern": "",
        "primaryPort": {
          "portId": "02i3L00000At2D5QAJ",
          "serviceId": "Sinprefix-PO-90000-00009",
          "portSpeed": 10000,
          "status": "active",
          "siteId": "1489212",
          "siteName": "SILICON09_890",
          "siteAddress": {
            "countryISOCode": "GB",
            "countryOrState": "United Kingdom"
          },
          "isLAG": true,
          "lagPortsCount": 2,
          "lagPortSpeed": 0,
          "connectivity": {
            "btPopSiteId": "GBLONA039"
          },
          "createdDateTime": "2024-03-12T10:53:12.000Z",
          "isEnabled": false
        },
        "secondaryPort": {}
      },
      {
        "portName": "Port A ORT mar12 1218",
        "portType": "portOnly",
        "isDiverse": false,
        "diversityPattern": "",
        "primaryPort": {
          "portId": "02i3L00000At29KQAR",
          "serviceId": "Sinprefix-PO-90000-00010",
          "portSpeed": 10000,
          "status": "active",
          "siteId": "1498249",
          "siteName": "EQUINIX LA1",
          "siteAddress": {
            "countryISOCode": "US",
            "countryOrState": "United States"
          },
          "isLAG": true,
          "lagPortsCount": 1,
          "lagPortSpeed": 0,
          "connectivity": {
            "btPopSiteId": "USLAXA006"
          },
          "createdDateTime": "2024-03-12T07:51:34.000Z",
          "isEnabled": false
        },
        "secondaryPort": {}
      },
      {
        "portName": "PortA_Lag01_12_03_24",
        "portType": "portOnly",
        "isDiverse": false,
        "diversityPattern": "",
        "primaryPort": {
          "portId": "02i3L00000At25eQAB",
          "serviceId": "Sinprefix-PO-90000-00011",
          "portSpeed": 100000,
          "status": "active",
          "siteId": "1489212",
          "siteName": "SILICON09_890",
          "siteAddress": {
            "countryISOCode": "GB",
            "countryOrState": "United Kingdom"
          },
          "isLAG": true,
          "lagPortsCount": 1,
          "lagPortSpeed": 0,
          "connectivity": {
            "btPopSiteId": "GBLONA039"
          },
          "createdDateTime": "2024-03-12T05:29:20.000Z",
          "isEnabled": false
        },
        "secondaryPort": {}
      },
      {
        "portName": "port_test_11mar_1622",
        "portType": "portOnly",
        "isDiverse": false,
        "diversityPattern": "",
        "primaryPort": {
          "portId": "02i3L00000At1rgQAB",
          "serviceId": "Sinprefix-PO-90000-00012",
          "portSpeed": 100000,
          "status": "active",
          "siteId": "1498249",
          "siteName": "EQUINIX LA1",
          "siteAddress": {
            "countryISOCode": "US",
            "countryOrState": "United States"
          },
          "isLAG": false,
          "lagPortsCount": 0,
          "lagPortSpeed": 0,
          "connectivity": {
            "btPopSiteId": "USLAXA006"
          },
          "createdDateTime": "2024-03-11T10:58:59.000Z",
          "isEnabled": false
        },
        "secondaryPort": {}
      },
      {
        "portName": "port_test_07mar_1703",
        "portType": "portOnly",
        "isDiverse": false,
        "diversityPattern": "",
        "primaryPort": {
          "portId": "02i3L00000At0pYQAR",
          "serviceId": "Sinprefix-PO-90000-00013",
          "portSpeed": 100000,
          "status": "active",
          "siteId": "1489212",
          "siteName": "SILICON09_890",
          "siteAddress": {
            "countryISOCode": "GB",
            "countryOrState": "United Kingdom"
          },
          "isLAG": false,
          "lagPortsCount": 0,
          "lagPortSpeed": 0,
          "connectivity": {
            "btPopSiteId": "GBLONA039"
          },
          "createdDateTime": "2024-03-07T13:41:06.000Z",
          "isEnabled": false
        },
        "secondaryPort": {}
      },
      {
        "portName": "port_test_Real_mar7 1038",
        "portType": "portOnly",
        "isDiverse": false,
        "diversityPattern": "",
        "primaryPort": {
          "portId": "02i3L00000At0niQAB",
          "serviceId": "Sinprefix-PO-90000-00014",
          "portSpeed": 100000,
          "status": "active",
          "siteId": "1486819",
          "siteName": "NAME_STANDARD_PORT_27JUL1620",
          "siteAddress": {
            "countryISOCode": "GB",
            "countryOrState": "United Kingdom"
          },
          "isLAG": true,
          "lagPortsCount": 1,
          "lagPortSpeed": 0,
          "connectivity": {
            "btPopSiteId": "GBLONA009"
          },
          "createdDateTime": "2024-03-07T12:46:37.000Z",
          "isEnabled": false
        },
        "secondaryPort": {}
      },
      {
        "portName": "PortA_Test191",
        "portType": "portOnly",
        "isDiverse": true,
        "diversityPattern": "samePop",
        "primaryPort": {
          "portId": "02i3L00000At0mUQAR",
          "serviceId": "Sinprefix-PO-90000-00015",
          "portSpeed": 100000,
          "status": "active",
          "siteId": "1486819",
          "siteName": "NAME_STANDARD_PORT_27JUL1620",
          "siteAddress": {
            "countryISOCode": "GB",
            "countryOrState": "United Kingdom"
          },
          "isLAG": false,
          "lagPortsCount": 0,
          "lagPortSpeed": 0,
          "connectivity": {
            "btPopSiteId": "GBLONA009"
          },
          "createdDateTime": "2024-03-07T11:16:01.000Z",
          "isEnabled": true
        },
        "secondaryPort": {
          "portId": "02i3L00000At0mXQAR",
          "serviceId": "Sinprefix-PO-90000-00016",
          "portSpeed": 100000,
          "status": "active",
          "siteId": "1486819",
          "siteName": "NAME_STANDARD_PORT_27JUL1620",
          "siteAddress": {
            "countryISOCode": "GB",
            "countryOrState": "United Kingdom"
          },
          "isLAG": false,
          "lagPortsCount": 0,
          "lagPortSpeed": 0,
          "connectivity": {
            "btPopSiteId": "GBLONA009"
          },
          "createdDateTime": "2024-03-07T11:16:01.000Z",
          "isEnabled": true
        }
      },
      {
        "portName": "port_test_Real_mar7 1151",
        "portType": "portOnly",
        "isDiverse": false,
        "diversityPattern": "",
        "primaryPort": {
          "portId": "02i3L00000At0inQAB",
          "serviceId": "Sinprefix-PO-90000-00017",
          "portSpeed": 100000,
          "status": "active",
          "siteId": "1486819",
          "siteName": "NAME_STANDARD_PORT_27JUL1620",
          "siteAddress": {
            "countryISOCode": "GB",
            "countryOrState": "United Kingdom"
          },
          "isLAG": false,
          "lagPortsCount": 0,
          "lagPortSpeed": 0,
          "connectivity": {
            "btPopSiteId": "GBLONA009"
          },
          "createdDateTime": "2024-03-07T07:19:14.000Z",
          "isEnabled": false
        },
        "secondaryPort": {}
      },
      {
        "portName": "PortA_Lag01_07_03_24",
        "portType": "portOnly",
        "isDiverse": false,
        "diversityPattern": "",
        "primaryPort": {
          "portId": "02i3L00000At0ikQAB",
          "serviceId": "Sinprefix-PO-90000-00018",
          "portSpeed": 100000,
          "status": "active",
          "siteId": "1489212",
          "siteName": "SILICON09_890",
          "siteAddress": {
            "countryISOCode": "GB",
            "countryOrState": "United Kingdom"
          },
          "isLAG": true,
          "lagPortsCount": 1,
          "lagPortSpeed": 0,
          "connectivity": {
            "btPopSiteId": "GBLONA039"
          },
          "createdDateTime": "2024-03-07T07:18:22.000Z",
          "isEnabled": false
        },
        "secondaryPort": {}
      },
      {
        "portName": "std w lag 2 mar6 1836",
        "portType": "portOnly",
        "isDiverse": false,
        "diversityPattern": "",
        "primaryPort": {
          "portId": "02i3L00000At0S2QAJ",
          "serviceId": "Sinprefix-PO-90000-00019",
          "portSpeed": 10000,
          "status": "active",
          "siteId": "1486819",
          "siteName": "NAME_STANDARD_PORT_27JUL1620",
          "siteAddress": {
            "countryISOCode": "GB",
            "countryOrState": "United Kingdom"
          },
          "isLAG": true,
          "lagPortsCount": 2,
          "lagPortSpeed": 0,
          "connectivity": {
            "btPopSiteId": "GBLONA009"
          },
          "createdDateTime": "2024-03-06T13:14:53.000Z",
          "isEnabled": false
        },
        "secondaryPort": {}
      },
      {
        "portName": "std w lag 2 mar6 1836",
        "portType": "portOnly",
        "isDiverse": false,
        "diversityPattern": "",
        "primaryPort": {
          "portId": "02i3L00000At0RzQAJ",
          "serviceId": "Sinprefix-PO-90000-00020",
          "portSpeed": 10000,
          "status": "active",
          "siteId": "1486819",
          "siteName": "NAME_STANDARD_PORT_27JUL1620",
          "siteAddress": {
            "countryISOCode": "GB",
            "countryOrState": "United Kingdom"
          },
          "isLAG": true,
          "lagPortsCount": 2,
          "lagPortSpeed": 0,
          "connectivity": {
            "btPopSiteId": "GBLONA009"
          },
          "createdDateTime": "2024-03-06T13:14:53.000Z",
          "isEnabled": false
        },
        "secondaryPort": {}
      },
      {
        "portName": "port_test_Real_mar6 1305",
        "portType": "portOnly",
        "isDiverse": false,
        "diversityPattern": "",
        "primaryPort": {
          "portId": "02i3L00000At0RNQAZ",
          "serviceId": "Sinprefix-PO-90000-00021",
          "portSpeed": 100000,
          "status": "active",
          "siteId": "1498249",
          "siteName": "EQUINIX LA1",
          "siteAddress": {
            "countryISOCode": "US",
            "countryOrState": "United States"
          },
          "isLAG": true,
          "lagPortsCount": 1,
          "lagPortSpeed": 0,
          "connectivity": {
            "btPopSiteId": "USLAXA006"
          },
          "createdDateTime": "2024-03-06T12:54:58.000Z",
          "isEnabled": false
        },
        "secondaryPort": {}
      },
      {
        "portName": "Test 13 March 2024 1",
        "portType": "customerPremise",
        "isDiverse": true,
        "diversityPattern": "dualPop",
        "primaryPort": {
          "portId": "299F131A33D340FC9A5D8D95E780B50E",
          "serviceId": "Sinprefix-PO-90000-00022",
          "portSpeed": 1000,
          "status": "active",
          "siteId": "1493709",
          "siteName": "EQUINIXAM11-28LEMELERBERGWEG,1101AH,AMSTERDAM,NETHERLANDS",
          "siteAddress": {
            "countryISOCode": "SG",
            "countryOrState": ""
          },
          "isLAG": false,
          "lagPortsCount": 0,
          "lagPortSpeed": 0,
          "connectivity": {
            "circuitId": "",
            "connectivityModel": "Dedicated",
            "circuitSpeed": null,
            "downloadSpeed": null,
            "circuitTechnology": "",
            "supplierProduct": "BTCFNEthernetFranceOnnetDCp2a",
            "uploadSpeed": 1024,
            "btPopSiteId": "GBLONA039"
          },
          "createdDateTime": "2023-11-01T06:42:22.000Z",
          "isEnabled": false
        },
        "secondaryPort": {
          "portId": "50A6750DA8224EF386508B0187C3A797",
          "serviceId": "Sinprefix-PO-90000-00023",
          "portSpeed": 1000,
          "status": "active",
          "siteId": "1493709",
          "siteName": "EQUINIXAM11-28LEMELERBERGWEG,1101AH,AMSTERDAM,NETHERLANDS",
          "siteAddress": {
            "countryISOCode": "SG",
            "countryOrState": ""
          },
          "isLAG": false,
          "lagPortsCount": 0,
          "lagPortSpeed": 0,
          "connectivity": {
            "circuitId": "",
            "connectivityModel": "Dedicated",
            "circuitSpeed": null,
            "downloadSpeed": null,
            "circuitTechnology": "",
            "supplierProduct": "BTCFNEthernetFranceOnnetDCp2a",
            "uploadSpeed": 1024,
            "btPopSiteId": "GBLONA039"
          },
          "createdDateTime": "2023-11-01T06:42:22.000Z",
          "isEnabled": false
        }
      },
      {
        "portName": "Test 13 March 2024 2",
        "portType": "customerPremise",
        "isDiverse": true,
        "diversityPattern": "splitSite",
        "primaryPort": {
          "portId": "28781947DFC4498B98A7766EC6B718F3",
          "serviceId": "Sinprefix-PO-90000-00024",
          "portSpeed": 1000,
          "status": "active",
          "siteId": "1493709",
          "siteName": "EQUINIXAM11-28LEMELERBERGWEG,1101AH,AMSTERDAM,NETHERLANDS",
          "siteAddress": {
            "countryISOCode": "SG",
            "countryOrState": ""
          },
          "isLAG": false,
          "lagPortsCount": 0,
          "lagPortSpeed": 0,
          "connectivity": {
            "circuitId": "",
            "connectivityModel": "Dedicated",
            "circuitSpeed": null,
            "downloadSpeed": null,
            "circuitTechnology": "",
            "supplierProduct": "BTCFNEthernetFranceOnnetDCp2a",
            "uploadSpeed": 1024,
            "btPopSiteId": "GBLONA039"
          },
          "createdDateTime": "2023-11-01T06:42:22.000Z",
          "isEnabled": false
        },
        "secondaryPort": {
          "portId": "5B6FED2B436B4D86BFC2628FCD2DE3ED",
          "serviceId": "Sinprefix-PO-90000-00025",
          "portSpeed": 1000,
          "status": "active",
          "siteId": "1493709",
          "siteName": "EQUINIXAM11-28LEMELERBERGWEG,1101AH,AMSTERDAM,NETHERLANDS",
          "siteAddress": {
            "countryISOCode": "SG",
            "countryOrState": ""
          },
          "isLAG": false,
          "lagPortsCount": 0,
          "lagPortSpeed": 0,
          "connectivity": {
            "circuitId": "",
            "connectivityModel": "Dedicated",
            "circuitSpeed": null,
            "downloadSpeed": null,
            "circuitTechnology": "",
            "supplierProduct": "BTCFNEthernetFranceOnnetDCp2a",
            "uploadSpeed": 1024,
            "btPopSiteId": "GBLONA039"
          },
          "createdDateTime": "2023-11-01T06:42:22.000Z",
          "isEnabled": false
        }
      },
      {
        "portName": "Test 13 March 2024 3",
        "portType": "customerPremise",
        "isDiverse": true,
        "diversityPattern": "samePop",
        "primaryPort": {
          "portId": "72919148371B4CB794B0F37C2F510BDC",
          "serviceId": "Sinprefix-PO-90000-00026",
          "portSpeed": 1000,
          "status": "active",
          "siteId": "1493709",
          "siteName": "EQUINIXAM11-28LEMELERBERGWEG,1101AH,AMSTERDAM,NETHERLANDS",
          "siteAddress": {
            "countryISOCode": "SG",
            "countryOrState": ""
          },
          "isLAG": false,
          "lagPortsCount": 0,
          "lagPortSpeed": 0,
          "connectivity": {
            "circuitId": "",
            "connectivityModel": "Dedicated",
            "circuitSpeed": null,
            "downloadSpeed": null,
            "circuitTechnology": "",
            "supplierProduct": "BTCFNEthernetFranceOnnetDCp2a",
            "uploadSpeed": 1024,
            "btPopSiteId": "GBLONA039"
          },
          "createdDateTime": "2023-11-01T06:42:22.000Z",
          "isEnabled": true
        },
        "secondaryPort": {
          "portId": "0B31E2A652364F938ED3CC44F6EA12F0",
          "serviceId": "Sinprefix-PO-90000-00027",
          "portSpeed": 1000,
          "status": "active",
          "siteId": "1493709",
          "siteName": "EQUINIXAM11-28LEMELERBERGWEG,1101AH,AMSTERDAM,NETHERLANDS",
          "siteAddress": {
            "countryISOCode": "SG",
            "countryOrState": ""
          },
          "isLAG": false,
          "lagPortsCount": 0,
          "lagPortSpeed": 0,
          "connectivity": {
            "circuitId": "",
            "connectivityModel": "Dedicated",
            "circuitSpeed": null,
            "downloadSpeed": null,
            "circuitTechnology": "",
            "supplierProduct": "BTCFNEthernetFranceOnnetDCp2a",
            "uploadSpeed": 1024,
            "btPopSiteId": "GBLONA039"
          },
          "createdDateTime": "2023-11-01T06:42:22.000Z",
          "isEnabled": true
        }
      },
      {
        "portName": "Test 13 March 2024 4",
        "portType": "datacentreConnection",
        "isDiverse": true,
        "diversityPattern": "dualPop",
        "primaryPort": {
          "portId": "E651D4234C1C48AD8FF5538D654C235D",
          "serviceId": "Sinprefix-PO-90000-00028",
          "portSpeed": 1000,
          "status": "active",
          "siteId": "AUMELA004",
          "siteName": "EQUINIXAM11-28LEMELERBERGWEG,1101AH,AMSTERDAM,NETHERLANDS",
          "siteAddress": {
            "countryISOCode": "SG",
            "countryOrState": ""
          },
          "isLAG": false,
          "lagPortsCount": 0,
          "lagPortSpeed": 0,
          "connectivity": {
            "circuitId": "",
            "connectivityModel": "Dedicated",
            "circuitSpeed": null,
            "downloadSpeed": null,
            "circuitTechnology": "",
            "supplierProduct": "BTCFNEthernetFranceOnnetDCp2a",
            "uploadSpeed": 1024,
            "btPopSiteId": "GBLONA039"
          },
          "createdDateTime": "2023-11-01T06:42:22.000Z",
          "isEnabled": false
        },
        "secondaryPort": {
          "portId": "3038E5A157B244938E67FBE8B39C0C38",
          "serviceId": "Sinprefix-PO-90000-00029",
          "portSpeed": 1000,
          "status": "active",
          "siteId": "AUMELA005",
          "siteName": "EQUINIXAM11-28LEMELERBERGWEG,1101AH,AMSTERDAM,NETHERLANDS",
          "siteAddress": {
            "countryISOCode": "SG",
            "countryOrState": ""
          },
          "isLAG": false,
          "lagPortsCount": 0,
          "lagPortSpeed": 0,
          "connectivity": {
            "circuitId": "",
            "connectivityModel": "Dedicated",
            "circuitSpeed": null,
            "downloadSpeed": null,
            "circuitTechnology": "",
            "supplierProduct": "BTCFNEthernetFranceOnnetDCp2a",
            "uploadSpeed": 1024,
            "btPopSiteId": "GBLONA039"
          },
          "createdDateTime": "2023-11-01T06:42:22.000Z",
          "isEnabled": false
        }
      },
      {
        "portName": "Test 13 March 2024 5",
        "portType": "datacentreConnection",
        "isDiverse": true,
        "diversityPattern": "splitSite",
        "primaryPort": {
          "portId": "D4F2F5811417450591EA39E86070BBD9",
          "serviceId": "Sinprefix-PO-90000-00030",
          "portSpeed": 1000,
          "status": "active",
          "siteId": "1493709",
          "siteName": "EQUINIXAM11-28LEMELERBERGWEG,1101AH,AMSTERDAM,NETHERLANDS",
          "siteAddress": {
            "countryISOCode": "SG",
            "countryOrState": ""
          },
          "isLAG": false,
          "lagPortsCount": 0,
          "lagPortSpeed": 0,
          "connectivity": {
            "circuitId": "",
            "connectivityModel": "Dedicated",
            "circuitSpeed": null,
            "downloadSpeed": null,
            "circuitTechnology": "",
            "supplierProduct": "BTCFNEthernetFranceOnnetDCp2a",
            "uploadSpeed": 1024,
            "btPopSiteId": "GBLONA039"
          },
          "createdDateTime": "2023-11-01T06:42:22.000Z",
          "isEnabled": false
        },
        "secondaryPort": {
          "portId": "7DBDF4EB53A449CAB8BDC6B9E944C069",
          "serviceId": "Sinprefix-PO-90000-00031",
          "portSpeed": 1000,
          "status": "active",
          "siteId": "1493709",
          "siteName": "EQUINIXAM11-28LEMELERBERGWEG,1101AH,AMSTERDAM,NETHERLANDS",
          "siteAddress": {
            "countryISOCode": "SG",
            "countryOrState": ""
          },
          "isLAG": false,
          "lagPortsCount": 0,
          "lagPortSpeed": 0,
          "connectivity": {
            "circuitId": "",
            "connectivityModel": "Dedicated",
            "circuitSpeed": null,
            "downloadSpeed": null,
            "circuitTechnology": "",
            "supplierProduct": "BTCFNEthernetFranceOnnetDCp2a",
            "uploadSpeed": 1024,
            "btPopSiteId": "GBLONA039"
          },
          "createdDateTime": "2023-11-01T06:42:22.000Z",
          "isEnabled": false
        }
      },
      {
        "portName": "Test 13 March 2024 6",
        "portType": "datacentreConnection",
        "isDiverse": true,
        "diversityPattern": "samePop",
        "primaryPort": {
          "portId": "7B1D90C8B23C46F9B47D9F3DA1D50E10",
          "serviceId": "Sinprefix-PO-90000-00032",
          "portSpeed": 1000,
          "status": "active",
          "siteId": "1493709",
          "siteName": "EQUINIXAM11-28LEMELERBERGWEG,1101AH,AMSTERDAM,NETHERLANDS",
          "siteAddress": {
            "countryISOCode": "SG",
            "countryOrState": ""
          },
          "isLAG": false,
          "lagPortsCount": 0,
          "lagPortSpeed": 0,
          "connectivity": {
            "circuitId": "",
            "connectivityModel": "Dedicated",
            "circuitSpeed": null,
            "downloadSpeed": null,
            "circuitTechnology": "",
            "supplierProduct": "BTCFNEthernetFranceOnnetDCp2a",
            "uploadSpeed": 1024,
            "btPopSiteId": "GBLONA039"
          },
          "createdDateTime": "2023-11-01T06:42:22.000Z",
          "isEnabled": true
        },
        "secondaryPort": {
          "portId": "BB1BECB7CDF64BB4A1850D9C523EADBE",
          "serviceId": "Sinprefix-PO-90000-00033",
          "portSpeed": 1000,
          "status": "active",
          "siteId": "1493709",
          "siteName": "EQUINIXAM11-28LEMELERBERGWEG,1101AH,AMSTERDAM,NETHERLANDS",
          "siteAddress": {
            "countryISOCode": "SG",
            "countryOrState": ""
          },
          "isLAG": false,
          "lagPortsCount": 0,
          "lagPortSpeed": 0,
          "connectivity": {
            "circuitId": "",
            "connectivityModel": "Dedicated",
            "circuitSpeed": null,
            "downloadSpeed": null,
            "circuitTechnology": "",
            "supplierProduct": "BTCFNEthernetFranceOnnetDCp2a",
            "uploadSpeed": 1024,
            "btPopSiteId": "GBLONA039"
          },
          "createdDateTime": "2023-11-01T06:42:22.000Z",
          "isEnabled": true
        }
      }
    ],
    "pagination": {
      "limit": 25,
      "offset": 0,
      "total": 26
    }
  }
}
