{
  "url": "https://api-test2.global.bt.com/v1/globalfabric/monitors/alarms",
  "data-raw": {},
  "response": {
    "results": [
      {
        "alarmId": "d6cbee74-825b-4953-9fab-a39e3c2dc647",
        "state": "activeFlap",
        "serviceType": "internetConnection",
        "serviceId": "f3436b42-c60b-4e32-9bff-8281424c6fa6",
        "action": "update",
        "severity": "information",
        "plannedMaintenance": false,
        "alarmViewedStatus": false,
        "timestamp": {
          "active": "2023-04-14T09:04:25",
          "modified": "2023-04-14T11:21:37",
          "cleared": "2023-04-14T11:21:37"
        },
        "relatedEvents": {
          "eventCount": 2,
          "flapCount": 1
        },
        "body": {
          "type": "internetConnection_Status",
          "name": "Customer Port Configuration Change Initiated",
          "message": "Customer Port Primary Data Centre f3436b42-c60b-4e32-9bff-8281424c6fa6 configuration of isEnabled with a value of false initiated by grahamp",
          "data": {
            "internetConnectionName": "Primary Data Centre",
            "connectionId": "f3436b42-c60b-4e32-9bff-8281424c6fa6",
            "state": "activeFlap"
          }
        }
      },
      {
        "alarmId": "d6cbee74-825b-4953-9fab-a39e3c2dc647",
        "state": "activeFlap",
        "serviceType": "internetConnection",
        "serviceId": "f3436b42-c60b-4e32-9bff-8281424c6fa6",
        "action": "update",
        "severity": "warning",
        "plannedMaintenance": false,
        "alarmViewedStatus": false,
        "timestamp": {
          "active": "2023-04-14T09:04:25",
          "modified": "2023-04-14T11:21:37",
          "cleared": "2023-04-14T11:21:37"
        },
        "relatedEvents": {
          "eventCount": 2,
          "flapCount": 1
        },
        "body": {
          "type": "internetConnection_Status",
          "name": "Customer Port Configuration Change Initiated",
          "message": "Customer Port Primary Data Centre f3436b42-c60b-4e32-9bff-8281424c6fa6 configuration of isEnabled with a value of false initiated by grahamp",
          "data": {
            "internetConnectionName": "Primary Data Centre",
            "connectionId": "f3436b42-c60b-4e32-9bff-8281424c6fa6",
            "state": "activeFlap"
          }
        }
      }
    ],
    "pagination": {
      "limit": 10,
      "offset": 0,
      "total": 8
    }
  }
}
