{
  "url": "https://test.customerhub.global.bt.com/api/v1/globalfabric/monitors/event-notifications",
  "data-raw": {},
  "response": {
    "status": 200,
    "message": "Events successfully retrieved",
    "data": [
      {
        "eventSourceId": "467c-937d-9afe827e85ee",
        "eventOccurredTime": "2022-09-14T12:14:28.774Z",
        "eventType": "Order",
        "state": "Complete",
        "severity": "Critical",
        "poId": "0012500001wtrubAAA",
        "message": "Service Order Completed or Service Order Submitted",
        "serviceType": "Customer Port",
        "visibilityLevel": "user",
        "addtionalInfo": [
          {
            "name": "username",
            "value": "ABCD"
          },
          {
            "name": "lpsname",
            "value": "Port Name"
          }
        ],
        "userId": "12345",
        "userName": "John Cena",
        "viewedStatus": false
      },
      {
        "eventSourceId": "467c-937d-9afe827e85ef",
        "eventOccurredTime": "2022-09-14T12:14:45.774Z",
        "eventType": "Order",
        "state": "In Progress",
        "severity": "Information",
        "poId": "gg0012500001wtrubAAA",
        "message": "Request for port deployment",
        "serviceType": "Customer Port",
        "visibilityLevel": "user",
        "addtionalInfo": [
          {
            "name": "username",
            "value": "Peter Lamb"
          },
          {
            "name": "lpsname",
            "value": "Port Name"
          }
        ],
        "userId": "9784-dfdf",
        "userName": "Robinson Claude",
        "viewedStatus": false
      },
      {
        "eventSourceId": "467c-937d-9afe827e85eg",
        "eventOccurredTime": "2022-09-14T12:15:45.774Z",
        "eventType": "Quote",
        "state": "In Progress",
        "severity": "Information",
        "poId": "0012500001wtrubAAB",
        "message": "Request for port cease",
        "serviceType": "Customer Port",
        "visibilityLevel": "user",
        "addtionalInfo": [
          {
            "name": "username",
            "value": "Paul Taylor"
          },
          {
            "name": "lpsname",
            "value": "Orer"
          }
        ],
        "userId": "563fgdf-xfger",
        "userName": "John Mathews",
        "viewedStatus": false
      },
      {
        "eventSourceId": "867c-937d-9afe827e85eg",
        "eventOccurredTime": "2022-10-14T12:15:45.774Z",
        "eventType": "Quote",
        "state": "In Progress",
        "severity": "Information",
        "poId": "0012500001wtrubAAB",
        "message": "Request for port modification",
        "serviceType": "Customer Port",
        "visibilityLevel": "user",
        "addtionalInfo": [
          {
            "name": "username",
            "value": "William Goodwill"
          },
          {
            "name": "lpsname",
            "value": "Orer"
          }
        ],
        "userId": "563fgdf-xfger",
        "userName": "Andrew Joines",
        "viewedStatus": false
      },
      {
        "eventSourceId": "867c-937d-9afe827e85eg",
        "eventOccurredTime": "2022-10-14T12:15:45.774Z",
        "eventType": "Quote",
        "state": "In Progress",
        "severity": "Information",
        "poId": "0012500001wtrubAAB",
        "message": "Request for port modification",
        "serviceType": "Customer Port",
        "visibilityLevel": "user",
        "addtionalInfo": [
          {
            "name": "username",
            "value": "William Goodwill"
          },
          {
            "name": "lpsname",
            "value": "Orer"
          }
        ],
        "userId": "563fgdf-xfger",
        "userName": "Andrew Joines",
        "viewedStatus": false
      },
      {
        "eventSourceId": "867c-937d-9afe827e85eg",
        "eventOccurredTime": "2022-10-14T12:15:45.774Z",
        "eventType": "Quote",
        "state": "In Progress",
        "severity": "Information",
        "poId": "0012500001wtrubAAB",
        "message": "Request for port modification",
        "serviceType": "Customer Port",
        "visibilityLevel": "user",
        "addtionalInfo": [
          {
            "name": "username",
            "value": "William Goodwill"
          },
          {
            "name": "lpsname",
            "value": "Orer"
          }
        ],
        "userId": "563fgdf-xfger",
        "userName": "Andrew Joines",
        "viewedStatus": false
      },
      {
        "eventSourceId": "867c-937d-9afe827e85eg",
        "eventOccurredTime": "2022-10-14T12:15:45.774Z",
        "eventType": "Quote",
        "state": "In Progress",
        "severity": "Information",
        "poId": "0012500001wtrubAAB",
        "message": "Request for port modification",
        "serviceType": "Customer Port",
        "visibilityLevel": "user",
        "addtionalInfo": [
          {
            "name": "username",
            "value": "William Goodwill"
          },
          {
            "name": "lpsname",
            "value": "Orer"
          }
        ],
        "userId": "563fgdf-xfger",
        "userName": "Andrew Joines",
        "viewedStatus": false
      },
      {
        "eventSourceId": "867c-937d-9afe827e85eg",
        "eventOccurredTime": "2022-10-14T12:15:45.774Z",
        "eventType": "Quote",
        "state": "In Progress",
        "severity": "Information",
        "poId": "0012500001wtrubAAB",
        "message": "Request for port modification",
        "serviceType": "Customer Port",
        "visibilityLevel": "user",
        "addtionalInfo": [
          {
            "name": "username",
            "value": "William Goodwill"
          },
          {
            "name": "lpsname",
            "value": "Orer"
          }
        ],
        "userId": "563fgdf-xfger",
        "userName": "Andrew Joines",
        "viewedStatus": false
      },
      {
        "eventSourceId": "867c-937d-9afe827e85eg",
        "eventOccurredTime": "2022-10-14T12:15:45.774Z",
        "eventType": "Quote",
        "state": "In Progress",
        "severity": "Information",
        "poId": "0012500001wtrubAAB",
        "message": "Request for port modification",
        "serviceType": "Customer Port",
        "visibilityLevel": "user",
        "addtionalInfo": [
          {
            "name": "username",
            "value": "William Goodwill"
          },
          {
            "name": "lpsname",
            "value": "Orer"
          }
        ],
        "userId": "563fgdf-xfger",
        "userName": "Andrew Joines",
        "viewedStatus": false
      },
      {
        "eventSourceId": "867c-937d-9afe827e85eg",
        "eventOccurredTime": "2022-10-14T12:15:45.774Z",
        "eventType": "Quote",
        "state": "In Progress",
        "severity": "Information",
        "poId": "0012500001wtrubAAB",
        "message": "Request for port modification",
        "serviceType": "Customer Port",
        "visibilityLevel": "user",
        "addtionalInfo": [
          {
            "name": "username",
            "value": "William Goodwill"
          },
          {
            "name": "lpsname",
            "value": "Orer"
          }
        ],
        "userId": "563fgdf-xfger",
        "userName": "Andrew Joines",
        "viewedStatus": false
      },
      {
        "eventSourceId": "867c-937d-9afe827e85eg",
        "eventOccurredTime": "2022-10-14T12:15:45.774Z",
        "eventType": "Quote",
        "state": "In Progress",
        "severity": "Information",
        "poId": "0012500001wtrubAAB",
        "message": "Request for port modification",
        "serviceType": "Customer Port",
        "visibilityLevel": "user",
        "addtionalInfo": [
          {
            "name": "username",
            "value": "William Goodwill"
          },
          {
            "name": "lpsname",
            "value": "Orer"
          }
        ],
        "userId": "563fgdf-xfger",
        "userName": "Andrew Joines",
        "viewedStatus": false
      },
      {
        "eventSourceId": "867c-937d-9afe827e85eg",
        "eventOccurredTime": "2022-10-14T12:15:45.774Z",
        "eventType": "Quote",
        "state": "In Progress",
        "severity": "Information",
        "poId": "0012500001wtrubAAB",
        "message": "Request for port modification",
        "serviceType": "Customer Port",
        "visibilityLevel": "user",
        "addtionalInfo": [
          {
            "name": "username",
            "value": "William Goodwill"
          },
          {
            "name": "lpsname",
            "value": "Orer"
          }
        ],
        "userId": "563fgdf-xfger",
        "userName": "Andrew Joines",
        "viewedStatus": false
      },
      {
        "eventSourceId": "867c-937d-9afe827e85eg",
        "eventOccurredTime": "2022-10-14T12:15:45.774Z",
        "eventType": "Quote",
        "state": "In Progress",
        "severity": "Information",
        "poId": "0012500001wtrubAAB",
        "message": "Request for port modification",
        "serviceType": "Customer Port",
        "visibilityLevel": "user",
        "addtionalInfo": [
          {
            "name": "username",
            "value": "William Goodwill"
          },
          {
            "name": "lpsname",
            "value": "Orer"
          }
        ],
        "userId": "563fgdf-xfger",
        "userName": "Andrew Joines",
        "viewedStatus": false
      },
      {
        "eventSourceId": "867c-937d-9afe827e85eg",
        "eventOccurredTime": "2022-10-14T12:15:45.774Z",
        "eventType": "Quote",
        "state": "In Progress",
        "severity": "Information",
        "poId": "0012500001wtrubAAB",
        "message": "Request for port modification",
        "serviceType": "Customer Port",
        "visibilityLevel": "user",
        "addtionalInfo": [
          {
            "name": "username",
            "value": "William Goodwill"
          },
          {
            "name": "lpsname",
            "value": "Orer"
          }
        ],
        "userId": "563fgdf-xfger",
        "userName": "Andrew Joines",
        "viewedStatus": false
      }
    ]
  }
}
