{
  "url": "https://test.customerhub.global.bt.com/api/v1/globalfabric/cloudfabric-ip-addresses/search",
  "data-raw": {},
  "response": {
    "results": [
      {
        "addressId": "02iVd000002GJokIAG",
        "description": "",
        "IPAddress": {
          "prefixLength": "56",
          "ipRegionCode": "UK-01",
          "prefix": "3333:feed:dad:4400::"
        },
        "customerContacts": {
          "techNicHdlBT": "",
          "registeredRIRBT": "",
          "adminNicHdl": "",
          "registeredRIR": "RIPE",
          "rirAnonymise": "false",
          "techNicHdl": "",
          "adminNicHdlBT": ""
        },
        "IPOwner": "PA",
        "IPVersion": "ipv6",
        "name": "nWAIHodsnT",
        "countryISOCode": "GB",
        "addressType": "LAN"
      },
      {
        "addressId": "02iVd000002GWKYIA4",
        "description": "",
        "IPAddress": {
          "prefixLength": "48",
          "ipRegionCode": "UK-01",
          "prefix": "3333:feed:dad::"
        },
        "customerContacts": {
          "techNicHdlBT": "",
          "registeredRIRBT": "",
          "adminNicHdl": "",
          "registeredRIR": "RIPE",
          "rirAnonymise": "false",
          "techNicHdl": "",
          "adminNicHdlBT": ""
        },
        "IPOwner": "PA",
        "IPVersion": "ipv6",
        "name": "hT2VRT2Ox1",
        "countryISOCode": "GB",
        "addressType": "LAN"
      },
      {
        "addressId": "02iVd000002HbOcIAK",
        "description": "",
        "IPAddress": {
          "prefixLength": "50",
          "ipRegionCode": "UK-01",
          "prefix": "3333:feed:dad:4000::"
        },
        "customerContacts": {
          "techNicHdlBT": "",
          "registeredRIRBT": "",
          "adminNicHdl": "",
          "registeredRIR": "RIPE",
          "rirAnonymise": "false",
          "techNicHdl": "",
          "adminNicHdlBT": ""
        },
        "IPOwner": "PA",
        "IPVersion": "ipv6",
        "name": "RcqGNdLuGH",
        "countryISOCode": "GB",
        "addressType": "LAN"
      },
      {
        "addressId": "02iVd000002Ga4oIAC",
        "description": "",
        "IPAddress": {
          "prefixLength": "61",
          "ipRegionCode": "UK-01",
          "prefix": "3333:feed:dad:4440::"
        },
        "customerContacts": {
          "techNicHdlBT": "",
          "registeredRIRBT": "",
          "adminNicHdl": "",
          "registeredRIR": "RIPE",
          "rirAnonymise": "false",
          "techNicHdl": "",
          "adminNicHdlBT": ""
        },
        "IPOwner": "PA",
        "IPVersion": "ipv6",
        "name": "smbbMXjkHh",
        "countryISOCode": "GB",
        "addressType": "LAN"
      },
      {
        "addressId": "02iVd000002Hb5GIAS",
        "description": "",
        "IPAddress": {
          "prefixLength": "48",
          "ipRegionCode": "UK-01",
          "prefix": "3333:feed:dad::"
        },
        "customerContacts": {
          "techNicHdlBT": "",
          "registeredRIRBT": "",
          "adminNicHdl": "",
          "registeredRIR": "RIPE",
          "rirAnonymise": "false",
          "techNicHdl": "",
          "adminNicHdlBT": ""
        },
        "IPOwner": "PA",
        "IPVersion": "ipv6",
        "name": "VAiMBWvNsE",
        "countryISOCode": "GB",
        "addressType": "LAN"
      },
      {
        "addressId": "02iVd000002HoSIIA0",
        "description": "",
        "IPAddress": {
          "prefixLength": "52",
          "ipRegionCode": "UK-01",
          "prefix": "3333:feed:dad:4000::"
        },
        "customerContacts": {
          "techNicHdlBT": "",
          "registeredRIRBT": "",
          "adminNicHdl": "",
          "registeredRIR": "RIPE",
          "rirAnonymise": "false",
          "techNicHdl": "",
          "adminNicHdlBT": ""
        },
        "IPOwner": "PA",
        "IPVersion": "ipv6",
        "name": "1pf3Rm7yS3",
        "countryISOCode": "GB",
        "addressType": "LAN"
      },
      {
        "addressId": "02iVd000002GZv8IAG",
        "description": "",
        "IPAddress": {
          "prefixLength": "60",
          "ipRegionCode": "UK-01",
          "prefix": "3333:feed:dad:4440::"
        },
        "customerContacts": {
          "techNicHdlBT": "",
          "registeredRIRBT": "",
          "adminNicHdl": "",
          "registeredRIR": "RIPE",
          "rirAnonymise": "false",
          "techNicHdl": "",
          "adminNicHdlBT": ""
        },
        "IPOwner": "PA",
        "IPVersion": "ipv6",
        "name": "yGG2hzSSsV",
        "countryISOCode": "GB",
        "addressType": "LAN"
      },
      {
        "addressId": "02iVd000002GJwoIAG",
        "description": "",
        "IPAddress": {
          "prefixLength": "58",
          "ipRegionCode": "UK-01",
          "prefix": "3333:feed:dad:4440::"
        },
        "customerContacts": {
          "techNicHdlBT": "",
          "registeredRIRBT": "",
          "adminNicHdl": "",
          "registeredRIR": "RIPE",
          "rirAnonymise": "false",
          "techNicHdl": "",
          "adminNicHdlBT": ""
        },
        "IPOwner": "PA",
        "IPVersion": "ipv6",
        "name": "V1zwE2XEGj",
        "countryISOCode": "GB",
        "addressType": "LAN"
      },
      {
        "addressId": "02iVd000002HodaIAC",
        "description": "",
        "IPAddress": {
          "prefixLength": "53",
          "ipRegionCode": "UK-01",
          "prefix": "3333:feed:dad:4000::"
        },
        "customerContacts": {
          "techNicHdlBT": "",
          "registeredRIRBT": "",
          "adminNicHdl": "",
          "registeredRIR": "RIPE",
          "rirAnonymise": "false",
          "techNicHdl": "",
          "adminNicHdlBT": ""
        },
        "IPOwner": "PA",
        "IPVersion": "ipv6",
        "name": "cYDqAMAtUF",
        "countryISOCode": "GB",
        "addressType": "LAN"
      },
      {
        "addressId": "02iVd000002GYuEIAW",
        "description": "",
        "IPAddress": {
          "prefixLength": "54",
          "ipRegionCode": "UK-01",
          "prefix": "3333:feed:dad:4400::"
        },
        "customerContacts": {
          "techNicHdlBT": "",
          "registeredRIRBT": "",
          "adminNicHdl": "",
          "registeredRIR": "RIPE",
          "rirAnonymise": "false",
          "techNicHdl": "",
          "adminNicHdlBT": ""
        },
        "IPOwner": "PA",
        "IPVersion": "ipv6",
        "name": "ckSdm2eAIu",
        "countryISOCode": "GB",
        "addressType": "LAN"
      },
      {
        "addressId": "02iVd000002GZK2IAO",
        "description": "",
        "IPAddress": {
          "prefixLength": "57",
          "ipRegionCode": "UK-01",
          "prefix": "3333:feed:dad:4400::"
        },
        "customerContacts": {
          "techNicHdlBT": "",
          "registeredRIRBT": "",
          "adminNicHdl": "",
          "registeredRIR": "RIPE",
          "rirAnonymise": "false",
          "techNicHdl": "",
          "adminNicHdlBT": ""
        },
        "IPOwner": "PA",
        "IPVersion": "ipv6",
        "name": "sWT9zinusI",
        "countryISOCode": "GB",
        "addressType": "LAN"
      },
      {
        "addressId": "02iVd000002GYuIIAW",
        "description": "",
        "IPAddress": {
          "prefixLength": "63",
          "ipRegionCode": "UK-01",
          "prefix": "3333:feed:dad:4444::"
        },
        "customerContacts": {
          "techNicHdlBT": "",
          "registeredRIRBT": "",
          "adminNicHdl": "",
          "registeredRIR": "RIPE",
          "rirAnonymise": "false",
          "techNicHdl": "",
          "adminNicHdlBT": ""
        },
        "IPOwner": "PA",
        "IPVersion": "ipv6",
        "name": "fhzXUZ5VUX",
        "countryISOCode": "GB",
        "addressType": "LAN"
      },
      {
        "addressId": "02iVd000002GZGqIAO",
        "description": "",
        "IPAddress": {
          "prefixLength": "59",
          "ipRegionCode": "UK-01",
          "prefix": "3333:feed:dad:4440::"
        },
        "customerContacts": {
          "techNicHdlBT": "",
          "registeredRIRBT": "",
          "adminNicHdl": "",
          "registeredRIR": "RIPE",
          "rirAnonymise": "false",
          "techNicHdl": "",
          "adminNicHdlBT": ""
        },
        "IPOwner": "PA",
        "IPVersion": "ipv6",
        "name": "srmeaxjTyV",
        "countryISOCode": "GB",
        "addressType": "LAN"
      },
      {
        "addressId": "02iVd000002HoKEIA0",
        "description": "",
        "IPAddress": {
          "prefixLength": "51",
          "ipRegionCode": "UK-01",
          "prefix": "3333:feed:dad:4000::"
        },
        "customerContacts": {
          "techNicHdlBT": "",
          "registeredRIRBT": "",
          "adminNicHdl": "",
          "registeredRIR": "RIPE",
          "rirAnonymise": "false",
          "techNicHdl": "",
          "adminNicHdlBT": ""
        },
        "IPOwner": "PA",
        "IPVersion": "ipv6",
        "name": "noQo0uKTG2",
        "countryISOCode": "GB",
        "addressType": "LAN"
      },
      {
        "addressId": "02iVd000002GJjuIAG",
        "description": "",
        "IPAddress": {
          "prefixLength": "55",
          "ipRegionCode": "UK-01",
          "prefix": "3333:feed:dad:4400::"
        },
        "customerContacts": {
          "techNicHdlBT": "",
          "registeredRIRBT": "",
          "adminNicHdl": "",
          "registeredRIR": "RIPE",
          "rirAnonymise": "false",
          "techNicHdl": "",
          "adminNicHdlBT": ""
        },
        "IPOwner": "PA",
        "IPVersion": "ipv6",
        "name": "1yeyed0HlG",
        "countryISOCode": "GB",
        "addressType": "LAN"
      },
      {
        "addressId": "02iVd000002GJX0IAO",
        "description": "",
        "IPAddress": {
          "prefixLength": "53",
          "ipRegionCode": "UK-01",
          "prefix": "3333:feed:dad:4000::"
        },
        "customerContacts": {
          "techNicHdlBT": "",
          "registeredRIRBT": "",
          "adminNicHdl": "",
          "registeredRIR": "RIPE",
          "rirAnonymise": "false",
          "techNicHdl": "",
          "adminNicHdlBT": ""
        },
        "IPOwner": "PA",
        "IPVersion": "ipv6",
        "name": "Tty4eg9gq9",
        "countryISOCode": "GB",
        "addressType": "LAN"
      },
      {
        "addressId": "02iVd000002GYauIAG",
        "description": "",
        "IPAddress": {
          "prefixLength": "59",
          "ipRegionCode": "UK-01",
          "prefix": "3333:feed:dad:4440::"
        },
        "customerContacts": {
          "techNicHdlBT": "",
          "registeredRIRBT": "",
          "adminNicHdl": "",
          "registeredRIR": "RIPE",
          "rirAnonymise": "false",
          "techNicHdl": "",
          "adminNicHdlBT": ""
        },
        "IPOwner": "PA",
        "IPVersion": "ipv6",
        "name": "J8tO0C9762",
        "countryISOCode": "GB",
        "addressType": "LAN"
      },
      {
        "addressId": "02iVd000002GWXSIA4",
        "description": "",
        "IPAddress": {
          "prefixLength": "50",
          "ipRegionCode": "UK-01",
          "prefix": "3333:feed:dad:4000::"
        },
        "customerContacts": {
          "techNicHdlBT": "",
          "registeredRIRBT": "",
          "adminNicHdl": "",
          "registeredRIR": "RIPE",
          "rirAnonymise": "false",
          "techNicHdl": "",
          "adminNicHdlBT": ""
        },
        "IPOwner": "PA",
        "IPVersion": "ipv6",
        "name": "NsA7lsGfcA",
        "countryISOCode": "GB",
        "addressType": "LAN"
      },
      {
        "addressId": "02iVd000002GYPaIAO",
        "description": "",
        "IPAddress": {
          "prefixLength": "55",
          "ipRegionCode": "UK-01",
          "prefix": "3333:feed:dad:4400::"
        },
        "customerContacts": {
          "techNicHdlBT": "",
          "registeredRIRBT": "",
          "adminNicHdl": "",
          "registeredRIR": "RIPE",
          "rirAnonymise": "false",
          "techNicHdl": "",
          "adminNicHdlBT": ""
        },
        "IPOwner": "PA",
        "IPVersion": "ipv6",
        "name": "o81HvUsjla",
        "countryISOCode": "GB",
        "addressType": "LAN"
      },
      {
        "addressId": "02iVd000002GWduIAG",
        "description": "",
        "IPAddress": {
          "prefixLength": "51",
          "ipRegionCode": "UK-01",
          "prefix": "3333:feed:dad:4000::"
        },
        "customerContacts": {
          "techNicHdlBT": "",
          "registeredRIRBT": "",
          "adminNicHdl": "",
          "registeredRIR": "RIPE",
          "rirAnonymise": "false",
          "techNicHdl": "",
          "adminNicHdlBT": ""
        },
        "IPOwner": "PA",
        "IPVersion": "ipv6",
        "name": "VtDnnrE1HV",
        "countryISOCode": "GB",
        "addressType": "LAN"
      },
      {
        "addressId": "02iVd000002GK4sIAG",
        "description": "",
        "IPAddress": {
          "prefixLength": "60",
          "ipRegionCode": "UK-01",
          "prefix": "3333:feed:dad:4440::"
        },
        "customerContacts": {
          "techNicHdlBT": "",
          "registeredRIRBT": "",
          "adminNicHdl": "",
          "registeredRIR": "RIPE",
          "rirAnonymise": "false",
          "techNicHdl": "",
          "adminNicHdlBT": ""
        },
        "IPOwner": "PA",
        "IPVersion": "ipv6",
        "name": "3wbEVR4XI9",
        "countryISOCode": "GB",
        "addressType": "LAN"
      },
      {
        "addressId": "02iVd000002Hos6IAC",
        "description": "",
        "IPAddress": {
          "prefixLength": "54",
          "ipRegionCode": "UK-01",
          "prefix": "3333:feed:dad:4400::"
        },
        "customerContacts": {
          "techNicHdlBT": "",
          "registeredRIRBT": "",
          "adminNicHdl": "",
          "registeredRIR": "RIPE",
          "rirAnonymise": "false",
          "techNicHdl": "",
          "adminNicHdlBT": ""
        },
        "IPOwner": "PA",
        "IPVersion": "ipv6",
        "name": "1xRcQz7UDW",
        "countryISOCode": "GB",
        "addressType": "LAN"
      },
      {
        "addressId": "02iVd000002GWsQIAW",
        "description": "",
        "IPAddress": {
          "prefixLength": "53",
          "ipRegionCode": "UK-01",
          "prefix": "3333:feed:dad:4000::"
        },
        "customerContacts": {
          "techNicHdlBT": "",
          "registeredRIRBT": "",
          "adminNicHdl": "",
          "registeredRIR": "RIPE",
          "rirAnonymise": "false",
          "techNicHdl": "",
          "adminNicHdlBT": ""
        },
        "IPOwner": "PA",
        "IPVersion": "ipv6",
        "name": "1XgRqt2A5A",
        "countryISOCode": "GB",
        "addressType": "LAN"
      },
      {
        "addressId": "02iVd000002GKUgIAO",
        "description": "",
        "IPAddress": {
          "prefixLength": "63",
          "ipRegionCode": "UK-01",
          "prefix": "3333:feed:dad:4444::"
        },
        "customerContacts": {
          "techNicHdlBT": "",
          "registeredRIRBT": "",
          "adminNicHdl": "",
          "registeredRIR": "RIPE",
          "rirAnonymise": "false",
          "techNicHdl": "",
          "adminNicHdlBT": ""
        },
        "IPOwner": "PA",
        "IPVersion": "ipv6",
        "name": "ntYVtayy4M",
        "countryISOCode": "GB",
        "addressType": "LAN"
      },
      {
        "addressId": "02iVd000002GWlyIAG",
        "description": "",
        "IPAddress": {
          "prefixLength": "52",
          "ipRegionCode": "UK-01",
          "prefix": "3333:feed:dad:4000::"
        },
        "customerContacts": {
          "techNicHdlBT": "",
          "registeredRIRBT": "",
          "adminNicHdl": "",
          "registeredRIR": "RIPE",
          "rirAnonymise": "false",
          "techNicHdl": "",
          "adminNicHdlBT": ""
        },
        "IPOwner": "PA",
        "IPVersion": "ipv6",
        "name": "JcbAWDSqsm",
        "countryISOCode": "GB",
        "addressType": "LAN"
      },
      {
        "addressId": "02iVd000002GaCsIAK",
        "description": "",
        "IPAddress": {
          "prefixLength": "64",
          "ipRegionCode": "UK-01",
          "prefix": "3333:feed:dad:4444::"
        },
        "customerContacts": {
          "techNicHdlBT": "",
          "registeredRIRBT": "",
          "adminNicHdl": "",
          "registeredRIR": "RIPE",
          "rirAnonymise": "false",
          "techNicHdl": "",
          "adminNicHdlBT": ""
        },
        "IPOwner": "PA",
        "IPVersion": "ipv6",
        "name": "LsqPn4MK0a",
        "countryISOCode": "GB",
        "addressType": "LAN"
      },
      {
        "addressId": "02iVd000002GZ2IIAW",
        "description": "",
        "IPAddress": {
          "prefixLength": "55",
          "ipRegionCode": "UK-01",
          "prefix": "3333:feed:dad:4400::"
        },
        "customerContacts": {
          "techNicHdlBT": "",
          "registeredRIRBT": "",
          "adminNicHdl": "",
          "registeredRIR": "RIPE",
          "rirAnonymise": "false",
          "techNicHdl": "",
          "adminNicHdlBT": ""
        },
        "IPOwner": "PA",
        "IPVersion": "ipv6",
        "name": "17LDWoBaJs",
        "countryISOCode": "GB",
        "addressType": "LAN"
      },
      {
        "addressId": "02iVd000002GJaEIAW",
        "description": "",
        "IPAddress": {
          "prefixLength": "54",
          "ipRegionCode": "UK-01",
          "prefix": "3333:feed:dad:4400::"
        },
        "customerContacts": {
          "techNicHdlBT": "",
          "registeredRIRBT": "",
          "adminNicHdl": "",
          "registeredRIR": "RIPE",
          "rirAnonymise": "false",
          "techNicHdl": "",
          "adminNicHdlBT": ""
        },
        "IPOwner": "PA",
        "IPVersion": "ipv6",
        "name": "DxolobfKqV",
        "countryISOCode": "GB",
        "addressType": "LAN"
      },
      {
        "addressId": "02iVd000002GYHWIA4",
        "description": "",
        "IPAddress": {
          "prefixLength": "54",
          "ipRegionCode": "UK-01",
          "prefix": "3333:feed:dad:4400::"
        },
        "customerContacts": {
          "techNicHdlBT": "",
          "registeredRIRBT": "",
          "adminNicHdl": "",
          "registeredRIR": "RIPE",
          "rirAnonymise": "false",
          "techNicHdl": "",
          "adminNicHdlBT": ""
        },
        "IPOwner": "PA",
        "IPVersion": "ipv6",
        "name": "B5gvPV5jNy",
        "countryISOCode": "GB",
        "addressType": "LAN"
      },
      {
        "addressId": "02iVd000002GKPqIAO",
        "description": "",
        "IPAddress": {
          "prefixLength": "62",
          "ipRegionCode": "UK-01",
          "prefix": "3333:feed:dad:4444::"
        },
        "customerContacts": {
          "techNicHdlBT": "",
          "registeredRIRBT": "",
          "adminNicHdl": "",
          "registeredRIR": "RIPE",
          "rirAnonymise": "false",
          "techNicHdl": "",
          "adminNicHdlBT": ""
        },
        "IPOwner": "PA",
        "IPVersion": "ipv6",
        "name": "hYcjn935Yd",
        "countryISOCode": "GB",
        "addressType": "LAN"
      },
      {
        "addressId": "02iVd000002GYr0IAG",
        "description": "",
        "IPAddress": {
          "prefixLength": "61",
          "ipRegionCode": "UK-01",
          "prefix": "3333:feed:dad:4440::"
        },
        "customerContacts": {
          "techNicHdlBT": "",
          "registeredRIRBT": "",
          "adminNicHdl": "",
          "registeredRIR": "RIPE",
          "rirAnonymise": "false",
          "techNicHdl": "",
          "adminNicHdlBT": ""
        },
        "IPOwner": "PA",
        "IPVersion": "ipv6",
        "name": "IA9L7kxo6P",
        "countryISOCode": "GB",
        "addressType": "LAN"
      },
      {
        "addressId": "02iVd000002GWu4IAG",
        "description": "",
        "IPAddress": {
          "prefixLength": "52",
          "ipRegionCode": "UK-01",
          "prefix": "3333:feed:dad:4000::"
        },
        "customerContacts": {
          "techNicHdlBT": "",
          "registeredRIRBT": "",
          "adminNicHdl": "",
          "registeredRIR": "RIPE",
          "rirAnonymise": "false",
          "techNicHdl": "",
          "adminNicHdlBT": ""
        },
        "IPOwner": "PA",
        "IPVersion": "ipv6",
        "name": "5zyRFSmAT6",
        "countryISOCode": "GB",
        "addressType": "LAN"
      },
      {
        "addressId": "02iVd000002GZTiIAO",
        "description": "",
        "IPAddress": {
          "prefixLength": "58",
          "ipRegionCode": "UK-01",
          "prefix": "3333:feed:dad:4440::"
        },
        "customerContacts": {
          "techNicHdlBT": "",
          "registeredRIRBT": "",
          "adminNicHdl": "",
          "registeredRIR": "RIPE",
          "rirAnonymise": "false",
          "techNicHdl": "",
          "adminNicHdlBT": ""
        },
        "IPOwner": "PA",
        "IPVersion": "ipv6",
        "name": "4IWXpaVhpo",
        "countryISOCode": "GB",
        "addressType": "LAN"
      },
      {
        "addressId": "02iVd000002GYuGIAW",
        "description": "",
        "IPAddress": {
          "prefixLength": "62",
          "ipRegionCode": "UK-01",
          "prefix": "3333:feed:dad:4444::"
        },
        "customerContacts": {
          "techNicHdlBT": "",
          "registeredRIRBT": "",
          "adminNicHdl": "",
          "registeredRIR": "RIPE",
          "rirAnonymise": "false",
          "techNicHdl": "",
          "adminNicHdlBT": ""
        },
        "IPOwner": "PA",
        "IPVersion": "ipv6",
        "name": "jo4hmT2GBG",
        "countryISOCode": "GB",
        "addressType": "LAN"
      },
      {
        "addressId": "02iVd000002GYhKIAW",
        "description": "",
        "IPAddress": {
          "prefixLength": "60",
          "ipRegionCode": "UK-01",
          "prefix": "3333:feed:dad:4440::"
        },
        "customerContacts": {
          "techNicHdlBT": "",
          "registeredRIRBT": "",
          "adminNicHdl": "",
          "registeredRIR": "RIPE",
          "rirAnonymise": "false",
          "techNicHdl": "",
          "adminNicHdlBT": ""
        },
        "IPOwner": "PA",
        "IPVersion": "ipv6",
        "name": "zXTeKjE8wF",
        "countryISOCode": "GB",
        "addressType": "LAN"
      },
      {
        "addressId": "02iVd000002HpEgIAK",
        "description": "",
        "IPAddress": {
          "prefixLength": "24",
          "ipRegionCode": "GB-01",
          "prefix": "100.1.2.0"
        },
        "customerContacts": {
          "techNicHdlBT": "",
          "registeredRIRBT": "",
          "adminNicHdl": "PG123-RIPE",
          "registeredRIR": "RIPE",
          "rirAnonymise": "false",
          "techNicHdl": "PG345-RIPE",
          "adminNicHdlBT": ""
        },
        "IPOwner": "PA",
        "IPVersion": "ipv4",
        "name": "SubnetIP_Stub_Test01_25_06_24",
        "countryISOCode": "GB",
        "addressType": "WAN"
      },
      {
        "addressId": "02iVd000002GZ78IAG",
        "description": "",
        "IPAddress": {
          "prefixLength": "64",
          "ipRegionCode": "UK-01",
          "prefix": "3333:feed:dad:4444::"
        },
        "customerContacts": {
          "techNicHdlBT": "",
          "registeredRIRBT": "",
          "adminNicHdl": "",
          "registeredRIR": "RIPE",
          "rirAnonymise": "false",
          "techNicHdl": "",
          "adminNicHdlBT": ""
        },
        "IPOwner": "PA",
        "IPVersion": "ipv6",
        "name": "ciRfz8UkTe",
        "countryISOCode": "GB",
        "addressType": "LAN"
      },
      {
        "addressId": "02iVd000002GK1eIAG",
        "description": "",
        "IPAddress": {
          "prefixLength": "59",
          "ipRegionCode": "UK-01",
          "prefix": "3333:feed:dad:4440::"
        },
        "customerContacts": {
          "techNicHdlBT": "",
          "registeredRIRBT": "",
          "adminNicHdl": "",
          "registeredRIR": "RIPE",
          "rirAnonymise": "false",
          "techNicHdl": "",
          "adminNicHdlBT": ""
        },
        "IPOwner": "PA",
        "IPVersion": "ipv6",
        "name": "qiebizpT5B",
        "countryISOCode": "GB",
        "addressType": "LAN"
      },
      {
        "addressId": "02iVd000002GZ0gIAG",
        "description": "",
        "IPAddress": {
          "prefixLength": "63",
          "ipRegionCode": "UK-01",
          "prefix": "3333:feed:dad:4444::"
        },
        "customerContacts": {
          "techNicHdlBT": "",
          "registeredRIRBT": "",
          "adminNicHdl": "",
          "registeredRIR": "RIPE",
          "rirAnonymise": "false",
          "techNicHdl": "",
          "adminNicHdlBT": ""
        },
        "IPOwner": "PA",
        "IPVersion": "ipv6",
        "name": "bpVsrAzyHI",
        "countryISOCode": "GB",
        "addressType": "LAN"
      },
      {
        "addressId": "02iVd000002GYpOIAW",
        "description": "",
        "IPAddress": {
          "prefixLength": "53",
          "ipRegionCode": "UK-01",
          "prefix": "3333:feed:dad:4000::"
        },
        "customerContacts": {
          "techNicHdlBT": "",
          "registeredRIRBT": "",
          "adminNicHdl": "",
          "registeredRIR": "RIPE",
          "rirAnonymise": "false",
          "techNicHdl": "",
          "adminNicHdlBT": ""
        },
        "IPOwner": "PA",
        "IPVersion": "ipv6",
        "name": "hR7DNaUy9R",
        "countryISOCode": "GB",
        "addressType": "LAN"
      },
      {
        "addressId": "02iVd000002Ga6QIAS",
        "description": "",
        "IPAddress": {
          "prefixLength": "62",
          "ipRegionCode": "UK-01",
          "prefix": "3333:feed:dad:4444::"
        },
        "customerContacts": {
          "techNicHdlBT": "",
          "registeredRIRBT": "",
          "adminNicHdl": "",
          "registeredRIR": "RIPE",
          "rirAnonymise": "false",
          "techNicHdl": "",
          "adminNicHdlBT": ""
        },
        "IPOwner": "PA",
        "IPVersion": "ipv6",
        "name": "N14CpFwZPm",
        "countryISOCode": "GB",
        "addressType": "LAN"
      },
      {
        "addressId": "02iVd000002GJVOIA4",
        "description": "",
        "IPAddress": {
          "prefixLength": "52",
          "ipRegionCode": "UK-01",
          "prefix": "3333:feed:dad:4000::"
        },
        "customerContacts": {
          "techNicHdlBT": "",
          "registeredRIRBT": "",
          "adminNicHdl": "",
          "registeredRIR": "RIPE",
          "rirAnonymise": "false",
          "techNicHdl": "",
          "adminNicHdlBT": ""
        },
        "IPOwner": "PA",
        "IPVersion": "ipv6",
        "name": "rSQiTeYsdl",
        "countryISOCode": "GB",
        "addressType": "LAN"
      },
      {
        "addressId": "02iVd000002GWR0IAO",
        "description": "",
        "IPAddress": {
          "prefixLength": "49",
          "ipRegionCode": "UK-01",
          "prefix": "3333:feed:dad::"
        },
        "customerContacts": {
          "techNicHdlBT": "",
          "registeredRIRBT": "",
          "adminNicHdl": "",
          "registeredRIR": "RIPE",
          "rirAnonymise": "false",
          "techNicHdl": "",
          "adminNicHdlBT": ""
        },
        "IPOwner": "PA",
        "IPVersion": "ipv6",
        "name": "l8B2Q8XoDO",
        "countryISOCode": "GB",
        "addressType": "LAN"
      },
      {
        "addressId": "02iVd000002GJSAIA4",
        "description": "",
        "IPAddress": {
          "prefixLength": "51",
          "ipRegionCode": "UK-01",
          "prefix": "3333:feed:dad:4000::"
        },
        "customerContacts": {
          "techNicHdlBT": "",
          "registeredRIRBT": "",
          "adminNicHdl": "",
          "registeredRIR": "RIPE",
          "rirAnonymise": "false",
          "techNicHdl": "",
          "adminNicHdlBT": ""
        },
        "IPOwner": "PA",
        "IPVersion": "ipv6",
        "name": "wqR8lKg11n",
        "countryISOCode": "GB",
        "addressType": "LAN"
      },
      {
        "addressId": "02iVd000002GKBLIA4",
        "description": "",
        "IPAddress": {
          "prefixLength": "64",
          "ipRegionCode": "UK-01",
          "prefix": "3333:feed:dad:4444::"
        },
        "customerContacts": {
          "techNicHdlBT": "",
          "registeredRIRBT": "",
          "adminNicHdl": "",
          "registeredRIR": "RIPE",
          "rirAnonymise": "false",
          "techNicHdl": "",
          "adminNicHdlBT": ""
        },
        "IPOwner": "PA",
        "IPVersion": "ipv6",
        "name": "rnUwxHV7IP",
        "countryISOCode": "GB",
        "addressType": "LAN"
      },
      {
        "addressId": "02iVd000002GZ8kIAG",
        "description": "",
        "IPAddress": {
          "prefixLength": "56",
          "ipRegionCode": "UK-01",
          "prefix": "3333:feed:dad:4400::"
        },
        "customerContacts": {
          "techNicHdlBT": "",
          "registeredRIRBT": "",
          "adminNicHdl": "",
          "registeredRIR": "RIPE",
          "rirAnonymise": "false",
          "techNicHdl": "",
          "adminNicHdlBT": ""
        },
        "IPOwner": "PA",
        "IPVersion": "ipv6",
        "name": "afkP2wGdMt",
        "countryISOCode": "GB",
        "addressType": "LAN"
      },
      {
        "addressId": "02iVd000002GJvCIAW",
        "description": "",
        "IPAddress": {
          "prefixLength": "57",
          "ipRegionCode": "UK-01",
          "prefix": "3333:feed:dad:4400::"
        },
        "customerContacts": {
          "techNicHdlBT": "",
          "registeredRIRBT": "",
          "adminNicHdl": "",
          "registeredRIR": "RIPE",
          "rirAnonymise": "false",
          "techNicHdl": "",
          "adminNicHdlBT": ""
        },
        "IPOwner": "PA",
        "IPVersion": "ipv6",
        "name": "XMhpQmLMz2",
        "countryISOCode": "GB",
        "addressType": "LAN"
      },
      {
        "addressId": "02iVd000002HbEwIAK",
        "description": "",
        "IPAddress": {
          "prefixLength": "49",
          "ipRegionCode": "UK-01",
          "prefix": "3333:feed:dad::"
        },
        "customerContacts": {
          "techNicHdlBT": "",
          "registeredRIRBT": "",
          "adminNicHdl": "",
          "registeredRIR": "RIPE",
          "rirAnonymise": "false",
          "techNicHdl": "",
          "adminNicHdlBT": ""
        },
        "IPOwner": "PA",
        "IPVersion": "ipv6",
        "name": "BsxW1n4PwK",
        "countryISOCode": "GB",
        "addressType": "LAN"
      },
      {
        "addressId": "02iVd000002GYcUIAW",
        "description": "",
        "IPAddress": {
          "prefixLength": "51",
          "ipRegionCode": "UK-01",
          "prefix": "3333:feed:dad:4000::"
        },
        "customerContacts": {
          "techNicHdlBT": "",
          "registeredRIRBT": "",
          "adminNicHdl": "",
          "registeredRIR": "RIPE",
          "rirAnonymise": "false",
          "techNicHdl": "",
          "adminNicHdlBT": ""
        },
        "IPOwner": "PA",
        "IPVersion": "ipv6",
        "name": "UQomRK7tCW",
        "countryISOCode": "GB",
        "addressType": "LAN"
      },
      {
        "addressId": "02iVd000002GKEYIA4",
        "description": "",
        "IPAddress": {
          "prefixLength": "61",
          "ipRegionCode": "UK-01",
          "prefix": "3333:feed:dad:4440::"
        },
        "customerContacts": {
          "techNicHdlBT": "",
          "registeredRIRBT": "",
          "adminNicHdl": "",
          "registeredRIR": "RIPE",
          "rirAnonymise": "false",
          "techNicHdl": "",
          "adminNicHdlBT": ""
        },
        "IPOwner": "PA",
        "IPVersion": "ipv6",
        "name": "lhZAidsxxZ",
        "countryISOCode": "GB",
        "addressType": "LAN"
      }
    ],
    "pagination": {
      "total": 819,
      "offset": 0,
      "limit": 50
    }
  }
}
