{
  "url": "https://test.customerhub.global.bt.com/api/v1/globalfabric/cloudfabric-customer-ports/customer-premises-quotes",
  "data-raw": {},
  "response": [
    {
      "quoteId": "0Q03L000000R8kzSAC",
      "validFrom": "2023-12-21T04:28:13.000Z",
      "validTo": "2024-03-21",
      "quoteStatus": "Approved",
      "serviceId": "Sinprefix-YY-90000-00001"
    },
    {
      "quoteId": "0Q03L000000R8mlSAC",
      "validFrom": "2023-12-21T06:05:09.000Z",
      "validTo": "2024-03-21",
      "quoteStatus": "Acknowledged",
      "serviceId": "Sinprefix-YY-90000-00002"
    },
    {
      "quoteId": "0Q03L000000REp2SAG",
      "validFrom": "2024-01-02T07:42:08.000Z",
      "validTo": "2024-04-10",
      "quoteStatus": "Budgetary",
      "serviceId": "Sinprefix-YY-90000-00003"
    },
    {
      "quoteId": "0Q03L000000RHe2SAG",
      "validFrom": "2024-01-05T05:58:09.000Z",
      "validTo": "2024-04-08",
      "quoteStatus": "In Progress",
      "serviceId": "Sinprefix-YY-90000-00004"
    },
    {
      "quoteId": "0Q03L000000RHevSAG",
      "validFrom": "2024-01-05T06:03:33.000Z",
      "validTo": "2024-04-08",
      "quoteStatus": "Complete",
      "serviceId": "Sinprefix-YY-90000-00005"
    },
    {
      "quoteId": "0Q03L000000RIqiSAG",
      "validFrom": "2024-01-08T05:18:08.000Z",
      "validTo": "2024-04-08",
      "quoteStatus": "Approved",
      "serviceId": "Sinprefix-YY-90000-00006"
    },
    {
      "quoteId": "0Q03L000000RJ3DSAW",
      "validFrom": "2024-01-08T09:50:12.000Z",
      "validTo": "2024-04-08",
      "quoteStatus": "Expired",
      "serviceId": "Sinprefix-YY-90000-00007"
    },
    {
      "quoteId": "0Q03L000000RJ3ISAW",
      "validFrom": "2024-01-08T09:52:07.000Z",
      "validTo": "2024-04-08",
      "quoteStatus": "Approved",
      "serviceId": "Sinprefix-YY-90000-00008"
    },
    {
      "quoteId": "0Q03L000000RJ3JSAW",
      "validFrom": "2024-01-08T09:52:12.000Z",
      "validTo": "2024-04-08",
      "quoteStatus": "Approved",
      "serviceId": "Sinprefix-YY-90000-00009"
    },
    {
      "quoteId": "0Q03L000000RJ3NSAW",
      "validFrom": "2024-01-08T09:54:04.000Z",
      "validTo": "2024-04-10",
      "quoteStatus": "Approved",
      "serviceId": "Sinprefix-YY-90000-00010"
    }
  ]
}
