{
  "url": "https://test.customerhub.global.bt.com/api/v1/globalfabric/cloudfabric-customer-ports/customer-premises-ports",
  "data-raw": {},
  "response": {
    "portName": "test 01Nov 1201",
    "diversityPattern": "",
    "isDiverse": true,
    "portTerm": 12,
    "currencyFormat": "",
    "countryISOCode": "",
    "accessDiversity": "AD4",
    "primaryPortMetadata": {
      "portId": "02i3L00000ASTaaQAH",
      "serviceId": "Sinprefix-PC-90000-00001",
      "description": "PortB Description",
      "portSpeed": "12",
      "siteId": "AUMELA004",
      "isEnabled": true,
      "portStatus": "On",
      "encapsulation": true,
      "mtu": "1445",
      "isTelemetryStreamingEnabled": false,
      "isOversubscription": false,
      "isPrimaryLAG": true,
      "isUtilisationThreshold": true,
      "lowUtilisationThreshold": 10,
      "highUtilisationThreshold": 90,
      "isPredictiveOptimisation": false,
      "primaryLAGMetadata": {
        "lagPortsCount": 0,
        "lagPortSpeed": 0,
        "lagMemberPorts": [
          {
            "isEnabled": true,
            "memberPortId": "G4i3L000008KoVdPKS",
            "portStatus": "On"
          }
        ]
      },
      "associatedNetworkServices": [
        {
           "connectionId": "CR8-45RT-PL7-3839",
           "type": "Internet",
           "VLANID": "1500",
           "bandwidth": "6750",
           "name": "Internet - 1"
        },
        {
           "connectionId": "CR8-75RT-PL7-3239",
           "type": "Internet",
           "VLANID": "1500",
           "bandwidth": "4500",
           "name": "Internet - 2"
        },
        {
           "connectionId": "CR8-23RT-PL7-3239",
           "type": "IP VPN",
           "VLANID": "1500",
           "bandwidth": "3500",
           "name": "IP VPN - 1"
        },
        {
           "connectionId": "CR8-H3RT-PL6-3239",
           "type": "IP VPN",
           "VLANID": "1500",
           "bandwidth": "5500",
           "name": "IP VPN - 2"
        },
        {
           "connectionId": "CR8-53RT-PL6-3239",
           "type": "IP VPN",
           "VLANID": "1500",
           "bandwidth": "5500",
           "name": "IP VPN - 2"
        },
        {
           "connectionId": "CR8-43RT-PL6-3239",
           "type": "IP VPN",
           "VLANID": "1500",
           "bandwidth": "5500",
           "name": "IP VPN - 2"
        },
        {
           "connectionId": "XR8-53RT-PL6-3239",
           "type": "IP VPN",
           "VLANID": "1500",
           "bandwidth": "5500",
           "name": "IP VPN - 2"
        },
        {
           "connectionId": "DR8-53RT-PL6-3239",
           "type": "Internet",
           "VLANID": "1500",
           "bandwidth": "5500",
           "name": "IP VPN - 2"
        }
     ],
      "cosOption": [
        {
          "contention": "none"
        }
      ]
    },
    "primaryConnectivity": {
      "btPopSiteId": "AUPERA006",
      "circuitProtection": "Not Applicable",
      "circuitSpeed": 1000,
      "circuitTechnology": "Not Applicable",
      "connectivityModel": "SharedorDedicated",
      "connectivityProductId": "",
      "contention": "test",
      "interfaceConnector": "LC-SC",
      "interfaceStandard": "",
      "mediaType": "singleModeFibre",
      "minTermMonths": 12,
      "mtu": 1440,
      "serviceDemarcation": "",
      "supplierProduct": "Ethernet-1G",
      "circuits": [
        {
          "associatedPortId": "G4i3L000008KoVdPKS",
          "cabinetId": "CAB1001A",
          "cageOrSuite": "CAGE_001",
          "circuitId": "",
          "mmr": "test",
          "patchPanelId": "PPNL1200",
          "patchPanelPort": 12345
        }
      ],
      "connectivitySLAs": {
        "serviceOption": {
          "serviceDeskHours": ""
        }
      },
      "uploadSpeed": 1000,
      "downloadSpeed": 1000
    },
    "secondaryPortMetadata": {
      "portId": "U2i3L000008KoVdLPS",
      "serviceId": "Sinprefix-PC-90000-00002",
      "description": "PortB Description",
      "siteId": "AUPERA007",
      "isSecondaryLAG": true,
      "portSpeed": 100000,
      "sfpType": "100GBASE-LR4",
      "mtu": 1440,
      "isOversubscription": false,
      "isUtilisationThreshold": true,
      "lowUtilisationThreshold": 10,
      "highUtilisationThreshold": 90,
      "isPredictiveOptimisation": false,
      "encapsulation": "unspecified",
      "portStatus": "On",
      "isEnabled": true,
      "isTelemetryStreamingEnabled": false,
      "secondaryLAGMetadata": {
        "lagPortsCount": "",
        "lagPortSpeed": "",
        "lagMemberPorts": [
          {
            "isEnabled": true,
            "memberPortId": "",
            "portStatus": ""
          }
        ]
      },
      "associatedNetworkServices": [
        {
           "connectionId": "CR8-45RT-PL7-3839",
           "type": "Internet",
           "VLANID": "1500",
           "bandwidth": "6750",
           "name": "Internet - 1 - Secondary"
        },
        {
           "connectionId": "CR8-75RT-PL7-3239",
           "type": "Internet",
           "VLANID": "1500",
           "bandwidth": "4500",
           "name": "Internet - 2 - Secondary"
        }
     ],
      "cosOption": [
        {
          "contention": "none"
        }
      ]
    },
    "secondaryConnectivity": {
      "btPopSiteId": "AUMELA005",
      "circuitProtection": "Not Applicable",
      "circuitSpeed": 1000,
      "circuitTechnology": "Not Applicable",
      "connectivityModel": "SharedorDedicated",
      "connectivityProductId": "",
      "contention": "test",
      "interfaceConnector": "LC-SC",
      "interfaceStandard": "",
      "mediaType": "singleModeFibre",
      "minTermMonths": 12,
      "mtu": 1440,
      "serviceDemarcation": "",
      "supplierProduct": "Ethernet-1G",
      "circuits": [
        {
          "associatedPortId": "G4i3L000008KoVdPKS",
          "cabinetId": "CAB1001A",
          "cageOrSuite": "CAGE_001",
          "circuitId": "",
          "mmr": "test",
          "patchPanelId": "PPNL1200",
          "patchPanelPort": 12345
        }
      ],
      "connectivitySLAs": {
        "serviceOption": {
          "serviceDeskHours": ""
        }
      },
      "uploadSpeed": 1000,
      "downloadSpeed": 1000
    },
    "createdBy": {
      "dateTime": "2023-06-30T11:41:23.0001"
    }
  }
}
