{
  "url": "https://test.customerhub.global.bt.com/api/v1/globalfabric/cloudfabric-customer-ports/port-only-prices",
  "data-raw": {},
  "response": {
    "primaryPortPrice": {
      "oneTimePrice": 0,
      "recurringMonthlyPrice": 1477,
      "currencyFormat": "GBP",
      "BTPoPSiteId": "086-11001"
    },
    "secondaryPortPrice": {
      "oneTimePrice": 0,
      "recurringMonthlyPrice": 1477,
      "currencyFormat": "GBP",
      "diverserBTPoPSiteId": "086-11001"
    }
  }
}
