{
  "url": "https://test.customerhub.global.bt.com/api/gf/bt-global/v2/user-profiles",
  "data-raw": {},
  "response": [
    {
      "data": {
        "basicDetails": {
          "uuid": "fceb953e-f2fc-103b-ae9a-c422379a3a01",
          "safid": null,
          "loginName": "dogakir102@camplvad.com",
          "title": "Mr.",
          "firstName": "Stefan",
          "lastName": "Smith",
          "email": "dogakir102@camplvad.com",
          "requestorEmail": "dogakir102@camplvad.com",
          "language": "English",
          "userType": "NON_EIN",
          "userLevel": "Company User",
          "status": "Active",
          "additionalAttributes": [
            {
              "key": "Last update date",
              "value": "2024-02-19 14:58:11.0"
            }
          ]
        },
        "organisations": [
          {
            "orgID": 750646,
            "orgType": "company",
            "orgName": "Starc Enterprises - SLE 23",
            "parentID": 749092,
            "attributes": [
              {
                "key": "BOR_ID",
                "value": "G6743278443"
              },
              {
                "key": "CHEnabled",
                "value": "true"
              }
            ]
          },
          {
            "orgID": 750690,
            "orgType": "company",
            "orgName": "BUPA GLOBAL ACC",
            "parentID": 749092,
            "attributes": [
              {
                "key": "BOR_ID",
                "value": "949118"
              },
              {
                "key": "CHEnabled",
                "value": "true"
              }
            ]
          },
          {
            "orgID": 750692,
            "orgType": "customer",
            "orgName": "T1 DR ICG",
            "parentID": 750690,
            "attributes": [
              {
                "key": "CUS_ID",
                "value": "290921"
              }
            ]
          },
          {
            "orgID": 750693,
            "orgType": "customer",
            "orgName": "BUPA LTD",
            "parentID": 750690,
            "attributes": [
              {
                "key": "CUS_ID",
                "value": "2586058"
              }
            ]
          },
          {
            "orgID": 750694,
            "orgType": "customer",
            "orgName": "BUPA",
            "parentID": 750690,
            "attributes": [
              {
                "key": "CUS_ID",
                "value": "2586058"
              }
            ]
          }
        ],
        "orgApplications": [
          {
            "orgID": 750690,
            "applications": []
          },
          {
            "orgID": 750646,
            "applications": [
              {
                "applicationID": 7819,
                "applicationName": "SNOW (Rainbow) Incidents",
                "additionalAttributes": [
                  {
                    "key": "Launch URL",
                    "value": "https://test.service.global.bt.com/support?id=csm_my_lists&table=sn_customerservice_case&view=csp&target_page_id=csm_ticket&filter=initiated_as_request=false&sel=my_issues"
                  }
                ],
                "roles": []
              }
            ]
          }
        ],
        "requestedDate": "26-Sep-22 14:00:16",
        "sourceSystem": "Snow(Rainbow)"
      }
    },
    {
      "data": {
        "basicDetails": {
          "uuid": "ba7652c0-a8ba-103c-8379-fae2d5cc3a01",
          "safid": null,
          "loginName": "diogo.soares@lisbontechworks.com",
          "title": null,
          "firstName": "Diogo",
          "lastName": "Soares",
          "email": "diogo.soares@lisbontechworks.com",
          "requestorEmail": "sandeep.konakalla@bt.com",
          "language": "English",
          "userType": "NON_EIN",
          "userLevel": "Company User",
          "status": "Active",
          "additionalAttributes": [
            {
              "key": "Last update date",
              "value": "2024-05-30 15:08:11.0"
            }
          ]
        },
        "organisations": [
          {
            "orgID": 23598,
            "orgType": "company",
            "orgName": "ZZZZZTest",
            "parentID": 23599,
            "attributes": [
              {
                "key": "BOR_ID",
                "value": "1262"
              },
              {
                "key": "CHEnabled",
                "value": "false"
              }
            ]
          },
          {
            "orgID": 705282,
            "orgType": "customer",
            "orgName": "ORDER+",
            "parentID": null,
            "attributes": [
              {
                "key": "CUS_ID",
                "value": "176798"
              }
            ]
          },
          {
            "orgID": 364810,
            "orgType": "contract",
            "orgName": "BT008807",
            "parentID": null,
            "attributes": [
              {
                "key": "CON_ID",
                "value": "445033"
              }
            ]
          },
          {
            "orgID": 366375,
            "orgType": "contract",
            "orgName": "BT100516",
            "parentID": null,
            "attributes": [
              {
                "key": "CON_ID",
                "value": "445025"
              }
            ]
          },
          {
            "orgID": 367776,
            "orgType": "contract",
            "orgName": "BTIM334455",
            "parentID": null,
            "attributes": [
              {
                "key": "CON_ID",
                "value": "445034"
              }
            ]
          },
          {
            "orgID": 706697,
            "orgType": "contract",
            "orgName": "BTIM87654",
            "parentID": null,
            "attributes": [
              {
                "key": "CON_ID",
                "value": "444390"
              }
            ]
          },
          {
            "orgID": 708263,
            "orgType": "contract",
            "orgName": "BT55556",
            "parentID": null,
            "attributes": [
              {
                "key": "CON_ID",
                "value": "443956"
              }
            ]
          },
          {
            "orgID": 709941,
            "orgType": "contract",
            "orgName": "BT148755",
            "parentID": null,
            "attributes": [
              {
                "key": "CON_ID",
                "value": "444614"
              }
            ]
          },
          {
            "orgID": 711272,
            "orgType": "contract",
            "orgName": "BT35535",
            "parentID": null,
            "attributes": [
              {
                "key": "CON_ID",
                "value": "443955"
              }
            ]
          },
          {
            "orgID": 718296,
            "orgType": "contract",
            "orgName": "BT250216",
            "parentID": null,
            "attributes": [
              {
                "key": "CON_ID",
                "value": "444635"
              }
            ]
          },
          {
            "orgID": 718333,
            "orgType": "contract",
            "orgName": "BT260416",
            "parentID": null,
            "attributes": [
              {
                "key": "CON_ID",
                "value": "444898"
              }
            ]
          }
        ],
        "orgApplications": [
          {
            "orgID": 23598,
            "applications": [
              {
                "applicationID": 1160,
                "applicationName": "ACE VPN",
                "additionalAttributes": [
                  {
                    "key": "Launch URL",
                    "value": "https://gspt1app117.sso.myaccount.globalservices.bt.com/PortalSE/?gbcAccountId=23598"
                  }
                ],
                "roles": []
              },
              {
                "applicationID": 1348,
                "applicationName": "SSO_DEMO",
                "additionalAttributes": [
                  {
                    "key": "Launch URL",
                    "value": "https://gspt1app146.sso.myaccount.globalservices.bt.com/UnAuthenticatedZone/Pricing Visualisation/MyAcct_PricingVisualisation.aspx?gbcAccountId=23598"
                  }
                ],
                "roles": []
              },
              {
                "applicationID": 1300,
                "applicationName": "SoftLaunch_Analytic Reports",
                "additionalAttributes": [
                  {
                    "key": "Launch URL",
                    "value": "https://gspt1.myaccount.globalservices.bt.com/Corvil/index.do?method=view"
                  }
                ],
                "roles": []
              },
              {
                "applicationID": 168,
                "applicationName": "BTNet Performance Reports(External)",
                "additionalAttributes": [
                  {
                    "key": "Launch URL",
                    "value": "http://sledgehammer.ukcore.bt.net/bin/welcome.sh"
                  }
                ],
                "roles": []
              },
              {
                "applicationID": 1384,
                "applicationName": "Change Management_SOJ",
                "additionalAttributes": [
                  {
                    "key": "Launch URL",
                    "value": "https://gspt1.myaccount.globalservices.bt.com/GenesisNext/Security/LoginFromPortal.aspx?appId=1341&Module=CM&migrated=true"
                  }
                ],
                "roles": []
              },
              {
                "applicationID": 21,
                "applicationName": "BMS Approve Reject Change Request",
                "additionalAttributes": [
                  {
                    "key": "Launch URL",
                    "value": "https://gspt1.myaccount.globalservices.bt.com/ChangeManagement/report/begin.do?method=BEGIN"
                  }
                ],
                "roles": []
              },
              {
                "applicationID": 1361,
                "applicationName": "Change Request Management",
                "additionalAttributes": [
                  {
                    "key": "Launch URL",
                    "value": "https://gspt1.myaccount.globalservices.bt.com/secure/loginfromportal.aspx?appId=1134"
                  }
                ],
                "roles": []
              },
              {
                "applicationID": 7422,
                "applicationName": "CiscoLiveDemo_1",
                "additionalAttributes": [
                  {
                    "key": "Launch URL",
                    "value": "https://gspt1.myaccount.globalservices.bt.com/static/GSPortal/en/collaborders/assets/ciscolive"
                  }
                ],
                "roles": []
              },
              {
                "applicationID": 819,
                "applicationName": "ECB Network Status View1",
                "additionalAttributes": [
                  {
                    "key": "Launch URL",
                    "value": "https://gspt1app19.sso.myaccount.globalservices.bt.com/nsv_cnr/index.asp?gbcAccountId=23598"
                  }
                ],
                "roles": []
              },
              {
                "applicationID": 1268,
                "applicationName": "SoftLaunch_Reuters Inventory",
                "additionalAttributes": [
                  {
                    "key": "Launch URL",
                    "value": "https://gspt1.myaccount.globalservices.bt.com/ClientInventory/index.do"
                  }
                ],
                "roles": []
              },
              {
                "applicationID": 226,
                "applicationName": "Core Network Reports",
                "additionalAttributes": [
                  {
                    "key": "Launch URL",
                    "value": "https://gspt1.myaccount.globalservices.bt.com/icscc/"
                  }
                ],
                "roles": []
              },
              {
                "applicationID": 7501,
                "applicationName": "CTR",
                "additionalAttributes": [
                  {
                    "key": "Launch URL",
                    "value": "https://gspt1.myaccount.globalservices.bt.com/ctr"
                  }
                ],
                "roles": []
              },
              {
                "applicationID": 1199,
                "applicationName": "Dash Carrier Services",
                "additionalAttributes": [
                  {
                    "key": "Launch URL",
                    "value": "https://gspt1.myaccount.globalservices.bt.com/Dash/dashHome.do?method=view"
                  }
                ],
                "roles": []
              },
              {
                "applicationID": 7424,
                "applicationName": "Download Customer Inventory Report",
                "additionalAttributes": [
                  {
                    "key": "Launch URL",
                    "value": "https://gspt1.myaccount.globalservices.bt.com/customerhandbook/home"
                  }
                ],
                "roles": []
              },
              {
                "applicationID": 1391,
                "applicationName": "DSO Demo",
                "additionalAttributes": [
                  {
                    "key": "Launch URL",
                    "value": "https://mdslcloud.mdsl.com/BTDEMO"
                  }
                ],
                "roles": []
              },
              {
                "applicationID": 1302,
                "applicationName": "e-Invoice",
                "additionalAttributes": [
                  {
                    "key": "Launch URL",
                    "value": "http://e-invoice.globalservices.bt.com"
                  }
                ],
                "roles": []
              },
              {
                "applicationID": 818,
                "applicationName": "ECB Network Status View - tmp",
                "additionalAttributes": [
                  {
                    "key": "Launch URL",
                    "value": "https://app19.sso.myaccount.globalservices.bt.com/nsv_cnr/index.asp?gbcAccountId=23598"
                  }
                ],
                "roles": []
              },
              {
                "applicationID": 7506,
                "applicationName": "Enterprise_Reporting(11G)",
                "additionalAttributes": [
                  {
                    "key": "Launch URL",
                    "value": "https://gspt1app.sso.myaccount.globalservices.bt.com/app217/Myanalytics/?gbcAccountId=23598"
                  }
                ],
                "roles": []
              },
              {
                "applicationID": 1132,
                "applicationName": "Genesis eServices Equipment Order",
                "additionalAttributes": [
                  {
                    "key": "Launch URL",
                    "value": "https://gspt1.myaccount.globalservices.bt.com/secure/loginfromportal.aspx?appId=1132"
                  }
                ],
                "roles": []
              },
              {
                "applicationID": 1133,
                "applicationName": "Genesis SMAC",
                "additionalAttributes": [
                  {
                    "key": "Launch URL",
                    "value": "https://gspt1.myaccount.globalservices.bt.com/secure/loginfromportal.aspx?appId=1133"
                  }
                ],
                "roles": []
              },
              {
                "applicationID": 911,
                "applicationName": "Goliath eHealth (DC03)",
                "additionalAttributes": [
                  {
                    "key": "Launch URL",
                    "value": "https://gspt1app28.sso.myaccount.globalservices.bt.com/web/frames/?gbcAccountId=23598"
                  }
                ],
                "roles": []
              },
              {
                "applicationID": 917,
                "applicationName": "Goliath eHealth (DC04)",
                "additionalAttributes": [
                  {
                    "key": "Launch URL",
                    "value": "https://gspt1app29.sso.myaccount.globalservices.bt.com/web/frames/?gbcAccountId=23598"
                  }
                ],
                "roles": []
              },
              {
                "applicationID": 1241,
                "applicationName": "VPM",
                "additionalAttributes": [
                  {
                    "key": "Launch URL",
                    "value": "https://gspt1app57.sso.myaccount.globalservices.bt.com/OVPM/?gbcAccountId=23598"
                  }
                ],
                "roles": []
              },
              {
                "applicationID": 809,
                "applicationName": "HPSC",
                "additionalAttributes": [
                  {
                    "key": "Launch URL",
                    "value": "https://gspt1app13.sso.myaccount.globalservices.bt.com/sc/index.do?gbcAccountId=23598"
                  }
                ],
                "roles": []
              },
              {
                "applicationID": 1380,
                "applicationName": "SUSSO_ICS Quick Quote",
                "additionalAttributes": [
                  {
                    "key": "Launch URL",
                    "value": "https://www.gspt1.sso.myaccount.globalservices.bt.com/app154/icsqq/icsqq_frames.drawframe?gbcAccountId=23598"
                  }
                ],
                "roles": []
              },
              {
                "applicationID": 1130,
                "applicationName": "InfonetDirectory",
                "additionalAttributes": [
                  {
                    "key": "Launch URL",
                    "value": "https://gspt1.myaccount.globalservices.bt.com/BTSWFWEB/SWF.do?method=filterAreaList"
                  }
                ],
                "roles": []
              },
              {
                "applicationID": 1392,
                "applicationName": "Internet Connect UK reporting",
                "additionalAttributes": [
                  {
                    "key": "Launch URL",
                    "value": "https://gspt1app161.sso.myaccount.globalservices.bt.com/PV/SilverStream/Pages/DVLogIn.html?gbcAccountId=23598"
                  }
                ],
                "roles": []
              },
              {
                "applicationID": 1389,
                "applicationName": "Internet Connect UK reporting_old",
                "additionalAttributes": [
                  {
                    "key": "Launch URL",
                    "value": "https://gspt1app160.sso.myaccount.globalservices.bt.com/PV/SilverStream/Pages/DVLogIn.html?gbcAccountId=23598"
                  }
                ],
                "roles": []
              },
              {
                "applicationID": 7265,
                "applicationName": "Raise IP Connect Global Orders",
                "additionalAttributes": [
                  {
                    "key": "Launch URL",
                    "value": "https://gspt1.myaccount.globalservices.bt.com/gspric/riclanding"
                  }
                ],
                "roles": []
              },
              {
                "applicationID": 799,
                "applicationName": "IPT",
                "additionalAttributes": [
                  {
                    "key": "Launch URL",
                    "value": "https://gspt1app142.sso.myaccount.globalservices.bt.com/ipt/?gbcAccountId=23598"
                  }
                ],
                "roles": []
              },
              {
                "applicationID": 1404,
                "applicationName": "JabilWatch4Net",
                "additionalAttributes": [
                  {
                    "key": "Launch URL",
                    "value": "https://gspt1app168.sso.myaccount.globalservices.bt.com/Custom/login.jsp?gbcAccountId=23598"
                  }
                ],
                "roles": []
              },
              {
                "applicationID": 1212,
                "applicationName": "Expedio Broadcast Management",
                "additionalAttributes": [
                  {
                    "key": "Launch URL",
                    "value": "https://gspt1.myaccount.globalservices.bt.com/portal/server.pt?open=514&objID=72694&parentname=CommunityPage&parentid=3&mode=2&in_hi_userid=89903&cached=true"
                  }
                ],
                "roles": []
              },
              {
                "applicationID": 10,
                "applicationName": "Expedio Inventory",
                "additionalAttributes": [
                  {
                    "key": "Launch URL",
                    "value": "https://gspt1.myaccount.globalservices.bt.com/portal/server.pt?open=514&objID=530&parentname=CommunityPage&parentid=1&mode=2&cached=true"
                  }
                ],
                "roles": []
              },
              {
                "applicationID": 180,
                "applicationName": "Shared Web Folders",
                "additionalAttributes": [
                  {
                    "key": "Launch URL",
                    "value": "https://gspt1.myaccount.globalservices.bt.com/portal/server.pt?open=514&objID=801&parentname=CommunityPage&parentid=3&mode=2&in_hi_userid=89903&cached=true"
                  }
                ],
                "roles": []
              },
              {
                "applicationID": 1137,
                "applicationName": "MUI",
                "additionalAttributes": [
                  {
                    "key": "Launch URL",
                    "value": "https://gspt1app68.sso.myaccount.globalservices.bt.com/xlWebApp/?gbcAccountId=23598"
                  }
                ],
                "roles": []
              },
              {
                "applicationID": 639,
                "applicationName": "N3 Test information",
                "additionalAttributes": [
                  {
                    "key": "Launch URL",
                    "value": "https://gspt1.myaccount.globalservices.bt.com/NHSPortal/n3information"
                  }
                ],
                "roles": []
              },
              {
                "applicationID": 121,
                "applicationName": "Network Health (2)(NETH2)",
                "additionalAttributes": [
                  {
                    "key": "Launch URL",
                    "value": "https://gspt1app99.sso.myaccount.globalservices.bt.com/bin/welcome.sh?gbcAccountId=23598"
                  }
                ],
                "roles": []
              },
              {
                "applicationID": 1162,
                "applicationName": "NHS IncidentManagement",
                "additionalAttributes": [
                  {
                    "key": "Launch URL",
                    "value": "https://gspt1.myaccount.globalservices.bt.com/nhsim/index.do?method=view"
                  }
                ],
                "roles": []
              },
              {
                "applicationID": 7327,
                "applicationName": "OCJRSQE",
                "additionalAttributes": [
                  {
                    "key": "Launch URL",
                    "value": "https://gspt1.myaccount.globalservices.bt.com/ocj/"
                  }
                ],
                "roles": []
              },
              {
                "applicationID": 7322,
                "applicationName": "Online Rest Inventory",
                "additionalAttributes": [
                  {
                    "key": "Launch URL",
                    "value": "https://gspt1.myaccount.globalservices.bt.com/onlinerestinventory/"
                  }
                ],
                "roles": []
              },
              {
                "applicationID": 1255,
                "applicationName": "OrdersZxTM",
                "additionalAttributes": [
                  {
                    "key": "Launch URL",
                    "value": "https://gspt1.myaccount.globalservices.bt.com/secure/loginfromportal.aspx?appId=1134"
                  }
                ],
                "roles": []
              },
              {
                "applicationID": 116,
                "applicationName": "PCS Test(PCStest)",
                "additionalAttributes": [
                  {
                    "key": "Launch URL",
                    "value": "/cisportal/"
                  }
                ],
                "roles": []
              },
              {
                "applicationID": 782,
                "applicationName": "IPN eHealth1",
                "additionalAttributes": [
                  {
                    "key": "Launch URL",
                    "value": "https://gspt1app8.sso.myaccount.globalservices.bt.com/cgi-bin/nhWeb?func=mainChoice&gbcAccountId=23598"
                  }
                ],
                "roles": []
              },
              {
                "applicationID": 7434,
                "applicationName": "SUSSO_Canopy",
                "additionalAttributes": [
                  {
                    "key": "Launch URL",
                    "value": "https://www.gspt1.sso.myaccount.globalservices.bt.com/app271/?GSP_App_Roles=WK61L3GDXXKmDT+l0sdviY6XJC05X/oWQp7tr6+n45cLLVkLQImv1+HUDRr8oDSwOk4+2Q==&gbcAccountId=23598"
                  }
                ],
                "roles": []
              },
              {
                "applicationID": 1128,
                "applicationName": "ProductsServices",
                "additionalAttributes": [
                  {
                    "key": "Launch URL",
                    "value": "https://gspt1.myaccount.globalservices.bt.com/gspframework/gsp/help?folder=ProductsServices&page=Convergence.html"
                  }
                ],
                "roles": []
              },
              {
                "applicationID": 118,
                "applicationName": "Project Inventory Database(ABBR)",
                "additionalAttributes": [
                  {
                    "key": "Launch URL",
                    "value": "http://localhost/abbr_reports/Activesites/asl.asp"
                  }
                ],
                "roles": []
              },
              {
                "applicationID": 7302,
                "applicationName": "PSBA Wales Watch4Net",
                "additionalAttributes": [
                  {
                    "key": "Launch URL",
                    "value": "http://gspt1app180.sso.myaccount.globalservices.bt.com/APG/login.jsp?gbcAccountId=23598"
                  }
                ],
                "roles": []
              },
              {
                "applicationID": 7417,
                "applicationName": "Security Hub",
                "additionalAttributes": [
                  {
                    "key": "Launch URL",
                    "value": "https://gspt1.myaccount.globalservices.bt.com/securityportal/home/"
                  }
                ],
                "roles": []
              },
              {
                "applicationID": 1395,
                "applicationName": "Self Service Admin",
                "additionalAttributes": [
                  {
                    "key": "Launch URL",
                    "value": "https://gspt1.myaccount.globalservices.bt.com/ssadmin/login"
                  }
                ],
                "roles": []
              },
              {
                "applicationID": 7346,
                "applicationName": "Service Eye",
                "additionalAttributes": [
                  {
                    "key": "Launch URL",
                    "value": "https://gspt1.myaccount.globalservices.bt.com/serviceeye/selanding"
                  }
                ],
                "roles": []
              },
              {
                "applicationID": 792,
                "applicationName": "SORGE",
                "additionalAttributes": [
                  {
                    "key": "Launch URL",
                    "value": "https://gspt1app11.sso.myaccount.globalservices.bt.com/PV/?gbcAccountId=23598"
                  }
                ],
                "roles": []
              },
              {
                "applicationID": 720,
                "applicationName": "GFS - SPI Admin",
                "additionalAttributes": [
                  {
                    "key": "Launch URL",
                    "value": "https://gspt1.myaccount.globalservices.bt.com/SPIAdmin/initAction.do"
                  }
                ],
                "roles": []
              },
              {
                "applicationID": 7330,
                "applicationName": "NPM_Service Performance Reports",
                "additionalAttributes": [
                  {
                    "key": "Launch URL",
                    "value": "https://gspt1.myaccount.globalservices.bt.com/spinpm/spireport/home/land"
                  }
                ],
                "roles": []
              },
              {
                "applicationID": 1254,
                "applicationName": "Service PerformanceZxTM",
                "additionalAttributes": [
                  {
                    "key": "Launch URL",
                    "value": "https://gspt1.myaccount.globalservices.bt.com/spireports/initAction.do"
                  }
                ],
                "roles": []
              },
              {
                "applicationID": 1363,
                "applicationName": "Softlaunch Administration",
                "additionalAttributes": [
                  {
                    "key": "Launch URL",
                    "value": "https://gspt1.myaccount.globalservices.bt.com/gspadmin/login"
                  }
                ],
                "roles": []
              },
              {
                "applicationID": 1317,
                "applicationName": "SoftLaunch_BMS Approve Reject Change Request",
                "additionalAttributes": [
                  {
                    "key": "Launch URL",
                    "value": "https://gspt1.myaccount.globalservices.bt.com/ChangeManagement/report/begin.do?method=BEGIN"
                  }
                ],
                "roles": []
              },
              {
                "applicationID": 1272,
                "applicationName": "SoftLaunch_Shared Web Folders",
                "additionalAttributes": [
                  {
                    "key": "Launch URL",
                    "value": null
                  }
                ],
                "roles": []
              },
              {
                "applicationID": 7329,
                "applicationName": "SPIReport - NPM SSO",
                "additionalAttributes": [
                  {
                    "key": "Launch URL",
                    "value": "https://gspt1app.sso.myaccount.globalservices.bt.com/app213/npm/NPMloginValidation?arg=2222&id=5093&startDate=1-7-2016&timespan=Days&isSPI=isSPI&gbcAccountId=23598"
                  }
                ],
                "roles": []
              },
              {
                "applicationID": 7332,
                "applicationName": "ABB Watch4Net",
                "additionalAttributes": [
                  {
                    "key": "Launch URL",
                    "value": "http://app186.sso.myaccount.globalservices.bt.com/APG/login.jsp?gbcAccountId=23598"
                  }
                ],
                "roles": []
              },
              {
                "applicationID": 1155,
                "applicationName": "SW SiteWise Gold",
                "additionalAttributes": [
                  {
                    "key": "Launch URL",
                    "value": "https://lookingglass.infonet.com/?gbcAccountId=23598"
                  }
                ],
                "roles": []
              },
              {
                "applicationID": 726,
                "applicationName": "GFS - Threshold Alerts",
                "additionalAttributes": [
                  {
                    "key": "Launch URL",
                    "value": "https://gspt1.myaccount.globalservices.bt.com/thresholdalerts/homepage"
                  }
                ],
                "roles": []
              },
              {
                "applicationID": 1261,
                "applicationName": "TNPM",
                "additionalAttributes": [
                  {
                    "key": "Launch URL",
                    "value": "https://gspt1app77.sso.myaccount.globalservices.bt.com/ibm/console/SSOAuthenticator?gspq=1&application=TNPM&gbcAccountId=23598"
                  }
                ],
                "roles": []
              },
              {
                "applicationID": 7421,
                "applicationName": "CiscoLive",
                "additionalAttributes": [
                  {
                    "key": "Launch URL",
                    "value": "https://gspt1.myaccount.globalservices.bt.com/ciscolive"
                  }
                ],
                "roles": []
              },
              {
                "applicationID": 1179,
                "applicationName": "iDesk",
                "additionalAttributes": [
                  {
                    "key": "Launch URL",
                    "value": "https://gspt1app73.sso.myaccount.globalservices.bt.com/?gbcAccountId=23598"
                  }
                ],
                "roles": []
              },
              {
                "applicationID": 165,
                "applicationName": "Netcool Webtop(webtop)",
                "additionalAttributes": [
                  {
                    "key": "Launch URL",
                    "value": "https://gspt1app92.sso.myaccount.globalservices.bt.com/Login?gspm=1&gbcAccountId=23598"
                  }
                ],
                "roles": []
              }
            ]
          }
        ],
        "requestedDate": null,
        "sourceSystem": null
      }
    }
  ]
}
